-- phpMyAdmin SQL Dump
-- version 4.0.10deb1
-- http://www.phpmyadmin.net
--
-- Host: localhost
-- Generation Time: Sep 18, 2016 at 10:53 PM
-- Server version: 5.5.47-0ubuntu0.14.04.1
-- PHP Version: 5.5.9-1ubuntu4.14

SET SQL_MODE = "NO_AUTO_VALUE_ON_ZERO";
SET time_zone = "+00:00";


/*!40101 SET @OLD_CHARACTER_SET_CLIENT=@@CHARACTER_SET_CLIENT */;
/*!40101 SET @OLD_CHARACTER_SET_RESULTS=@@CHARACTER_SET_RESULTS */;
/*!40101 SET @OLD_COLLATION_CONNECTION=@@COLLATION_CONNECTION */;
/*!40101 SET NAMES utf8 */;

--
-- Database: `project`
--

-- --------------------------------------------------------

--
-- Table structure for table `comment`
--

CREATE TABLE IF NOT EXISTS `comment` (
  `id` int(11) NOT NULL AUTO_INCREMENT,
  `content_id` int(11) DEFAULT NULL,
  `user_id` int(11) DEFAULT NULL,
  `comment` varchar(4000) COLLATE utf8_unicode_ci DEFAULT NULL,
  `created_at` datetime DEFAULT NULL,
  `updated_at` datetime DEFAULT NULL,
  `response` varchar(4000) COLLATE utf8_unicode_ci DEFAULT NULL,
  `name` varchar(255) COLLATE utf8_unicode_ci DEFAULT NULL,
  `email` varchar(255) COLLATE utf8_unicode_ci DEFAULT NULL,
  PRIMARY KEY (`id`)
) ENGINE=InnoDB  DEFAULT CHARSET=utf8 COLLATE=utf8_unicode_ci AUTO_INCREMENT=11 ;

--
-- Dumping data for table `comment`
--

INSERT INTO `comment` (`id`, `content_id`, `user_id`, `comment`, `created_at`, `updated_at`, `response`, `name`, `email`) VALUES
(1, 1, 1, 'Test 1', NULL, NULL, NULL, NULL, NULL),
(2, 1, 2, 'Test 2', NULL, NULL, 'Test', NULL, NULL),
(3, 3, 3, 'Test 1', NULL, NULL, NULL, NULL, NULL),
(4, 4, 4, 'Test 2', NULL, NULL, NULL, NULL, NULL),
(5, 25, 1, 'Test Test1', NULL, NULL, 'Test Response', 'TEst', 'test@test.test'),
(6, 25, 1, 'Test 2', NULL, NULL, 'Test response 2', 'TEs 2', 'test2@test.test'),
(7, 25, 1, 'Test Test1', NULL, NULL, 'Test Response', 'TEst', 'test@test.test'),
(8, 25, 1, 'Test 2', NULL, NULL, 'Test response 2', 'TEs 2', 'test2@test.test'),
(9, 25, NULL, 'Test Message', NULL, NULL, NULL, 'Test One Comment', 'hosseinzade2731@gmail.com'),
(10, 25, NULL, 'Test Message', NULL, NULL, NULL, 'Test One Comment', 'hosseinzade2731@gmail.com');

-- --------------------------------------------------------

--
-- Table structure for table `contact`
--

CREATE TABLE IF NOT EXISTS `contact` (
  `id` int(11) NOT NULL AUTO_INCREMENT,
  `name` varchar(255) NOT NULL,
  `mobile` varchar(255) NOT NULL,
  `email` varchar(255) NOT NULL,
  `message` varchar(3000) NOT NULL,
  PRIMARY KEY (`id`)
) ENGINE=InnoDB  DEFAULT CHARSET=latin1 AUTO_INCREMENT=7 ;

--
-- Dumping data for table `contact`
--

INSERT INTO `contact` (`id`, `name`, `mobile`, `email`, `message`) VALUES
(1, '', '09123568645', 'hosseinzade2731@gmail.com', 'test message'),
(2, '', '09123568645', 'hosseinzade2731@gmail.com', 'test message'),
(3, 'Mr.Mostafa', '0912356865', 'hosseinzade2731@gmail.com', 'test message'),
(6, 'MrMostafa', '02156859575', 'Test message', 'Test message');

-- --------------------------------------------------------

--
-- Table structure for table `content`
--

CREATE TABLE IF NOT EXISTS `content` (
  `id` int(11) NOT NULL AUTO_INCREMENT,
  `ctg_id` int(11) DEFAULT NULL,
  `user_id` int(11) DEFAULT NULL,
  `title` varchar(255) COLLATE utf8_unicode_ci DEFAULT NULL,
  `content` longtext COLLATE utf8_unicode_ci,
  `visit` int(11) DEFAULT '0',
  `order_list` int(11) DEFAULT NULL,
  `created_at` datetime NOT NULL,
  `updated_at` datetime DEFAULT NULL,
  PRIMARY KEY (`id`),
  KEY `ctg_id` (`ctg_id`),
  KEY `ctg_id_2` (`ctg_id`,`user_id`),
  KEY `user_id` (`user_id`)
) ENGINE=InnoDB  DEFAULT CHARSET=utf8 COLLATE=utf8_unicode_ci AUTO_INCREMENT=52 ;

--
-- Dumping data for table `content`
--

INSERT INTO `content` (`id`, `ctg_id`, `user_id`, `title`, `content`, `visit`, `order_list`, `created_at`, `updated_at`) VALUES
(9, 8, NULL, 'آموزش ساخت یک Bundle در فریمورک سیمفونی', '<p>&lt;style type="text/css"&gt;.code{<br />\n;background-color:#757575;border-radius:2px;box-shadow:0 0 4px #CCC;padding:5px;font-weight:bold;color:white<br />\n}<br />\n&lt;/style&gt;<br />\n&lt;p dir="rtl"&gt;&lt;strong&gt;آموزش ساخت یک Bundle در فریمورک symfony&lt;/strong&gt;&lt;/p&gt;</p>\n\n<p>&lt;p dir="rtl"&gt;در این آموزش قصد داریم روش ساخت یک باندل در فریمورک سیمفونی را توضیح دهیم :&lt;/p&gt;</p>\n\n<p>&lt;p dir="rtl"&gt;ابتدا با ترمینال لینوکس یا کامند ویندوز وارد پوشه ای که فریمورک قرار دارد وارد می شویم&amp;nbsp;&lt;/p&gt;</p>\n\n<p>&lt;div class="code"&gt;<br />\n&lt;p&gt;//linux&lt;/p&gt;</p>\n\n<p>&lt;p&gt;cd /var/www/html/symfony&lt;/p&gt;</p>\n\n<p>&lt;p&gt;//windows&lt;/p&gt;</p>\n\n<p>&lt;p&gt;cd C:\\xampp\\htdocs\\symfony&lt;/p&gt;<br />\n&lt;/div&gt;</p>\n\n<p>&lt;p dir="rtl"&gt;سپس دستور زیر را برای ساخت یک بندل وارد می کنیم :&lt;/p&gt;</p>\n\n<p>&lt;p&gt;&amp;nbsp;&lt;/p&gt;</p>\n\n<p>&lt;div class="code"&gt;//version 3<br />\n&lt;p&gt;php bin/console generate:bundle&amp;nbsp;&lt;/p&gt;</p>\n\n<p>&lt;p&gt;// version &amp;lt; 3&lt;/p&gt;</p>\n\n<p>&lt;p&gt;php app/console generate:bundle&lt;/p&gt;<br />\n&lt;/div&gt;</p>\n\n<p>&lt;p dir="rtl"&gt;&amp;nbsp;بعد مقدارهای خواسته شده را پر می کنیم :&lt;/p&gt;</p>\n\n<p>&lt;p&gt;&amp;nbsp;&lt;/p&gt;</p>\n\n<p>&lt;div class="code"&gt;Are you planning on sharing this bundle across multiple applications? [no]: &amp;nbsp;&lt;/div&gt;</p>\n\n<p>&lt;p dir="rtl"&gt;&amp;nbsp;اگر خواستیم این باندل از تمام اپلیکیشن ها قابل دسترسی باشد مقدار yes را وارد می کنیم در غیر اینصورت اینتر را می زنیم :&lt;/p&gt;</p>\n\n<p>&lt;p dir="rtl"&gt;&amp;nbsp;&lt;/p&gt;</p>\n\n<p>&lt;div class="code"&gt;Give your bundle a descriptive name, like BlogBundle.&lt;br /&gt;<br />\nBundle name:&amp;nbsp;&lt;/div&gt;</p>\n\n<p>&lt;p dir="rtl"&gt;&amp;nbsp;نام باندل موزد نظر را در این قسمت وارد می کنیم به عنوان مثال : TestBundle دقت کنید حروف Bundle را بعد از نام وارد کنید&lt;/p&gt;</p>\n\n<p>&lt;p dir="rtl"&gt;&amp;nbsp;&lt;/p&gt;</p>\n\n<p>&lt;div class="code"&gt;<br />\n&lt;p&gt;Bundles are usually generated into the src/ directory. Unless you''re&lt;br /&gt;<br />\ndoing something custom, hit enter to keep this default!&lt;/p&gt;</p>\n\n<p>&lt;p&gt;Target Directory [src/]:&amp;nbsp;&lt;/p&gt;<br />\n&lt;/div&gt;</p>\n\n<p>&lt;p dir="rtl"&gt;&amp;nbsp;در این قسمت نام دایرکتوری مورد نظر را وارد می کنید به طور پیشفرض داخل پوشه src قرار میگیرد اینتر را زده تا وارد مرحله بعد شوید&lt;/p&gt;</p>\n\n<p>&lt;p dir="rtl"&gt;&amp;nbsp;&lt;/p&gt;</p>\n\n<p>&lt;div class="code"&gt;<br />\n&lt;p&gt;What format do you want to use for your generated configuration?&lt;/p&gt;</p>\n\n<p>&lt;p&gt;Configuration format (annotation, yml, xml, php) [annotation]:&amp;nbsp;&lt;/p&gt;<br />\n&lt;/div&gt;</p>\n\n<p>&lt;p dir="rtl"&gt;&amp;nbsp;در این قسمت موتور کدهای خود را وارد می کنید به طور پیشفرض annotation می باشد اینتر را بزنید&lt;/p&gt;</p>\n\n<p>&lt;p dir="rtl"&gt;&amp;nbsp;&lt;/p&gt;</p>\n\n<p>&lt;div class="code"&gt;<br />\n&lt;p&gt;&amp;gt; Generating a sample bundle skeleton into src/TestBundle OK!&lt;br /&gt;<br />\n&amp;gt; Checking that the bundle is autoloaded: OK&lt;br /&gt;<br />\n&amp;gt; Enabling the bundle inside app/AppKernel.php: OK&lt;br /&gt;<br />\n&amp;gt; Importing the bundle''s routes from the app/config/routing.yml file: OK&lt;br /&gt;<br />\n&amp;gt; Importing the bundle''s services.yml from the app/config/config.yml file: OK&lt;/p&gt;</p>\n\n<p>&lt;p&gt;&amp;nbsp; &amp;nbsp; &amp;nbsp; &amp;nbsp; &amp;nbsp; &amp;nbsp; &amp;nbsp; &amp;nbsp; &amp;nbsp; &amp;nbsp; &amp;nbsp; &amp;nbsp; &amp;nbsp; &amp;nbsp; &amp;nbsp; &amp;nbsp; &amp;nbsp; &amp;nbsp; &amp;nbsp; &amp;nbsp; &amp;nbsp;&lt;br /&gt;<br />\n&amp;nbsp; Everything is OK! Now get to work :). &amp;nbsp;&lt;/p&gt;<br />\n&lt;/div&gt;</p>\n\n<p>&lt;p dir="rtl"&gt;اگر تمامی قسمت ها به درستی وارد شود این قسمت را مشاهده خواهید کرد و Bundle مورد نظر در پوشه src قرار گرفته است .&lt;/p&gt;</p>\n\n<p>&lt;p dir="rtl"&gt;موفق باشد ...&lt;/p&gt;</p>\n\n<p>&lt;p dir="rtl"&gt;&amp;nbsp;&lt;/p&gt;<br />\n&nbsp;</p>\n', 0, 7, '2016-07-19 19:21:46', NULL),
(10, 8, NULL, 'کتابخانه استاندارد php', '<p dir="rtl"><strong>کتابخانه استاندارد php&nbsp;</strong></p>\n\n<p dir="rtl">کتابخانه استاندارد php مجموعه ای از توابع کلاسها و اینترفیس ها می باشد که برای حل مشکلات و آسان تر شدن کارها طراحی شده است.به عنوان مثال&nbsp;برای استک ها و صف ها و ... &nbsp;.</p>\n\n<p dir="rtl">شما می توانید اطلاعات کامل در رابطه با کتابخانه استاندارد php را در <a href="http://php.net/manual/en/book.spl.php">اینجا</a>&nbsp;پیدا کنید یا می توانید درون همین سایت آموزش کامل کتابخانه استاندارد php را دنبال کنید</p>\n', 0, 4, '2016-07-21 08:59:47', NULL),
(21, 10, NULL, 'متد سازنده در php', '<p dir="rtl">متد سازنده کلاس در php اولین متدی است که وقتی از کلاس یک شی ساخته می شود اجرا می شود . متد سازنده متدی است که هم نام با نام کلاس می باشد .</p>\n\n<p dir="rtl">مثال :&nbsp;</p>\n\n<div class="code">&nbsp; &nbsp; &nbsp; &nbsp; class Test{<br />\n&nbsp; &nbsp; &nbsp; &nbsp; &nbsp; &nbsp; private $name;<br />\n&nbsp; &nbsp; &nbsp; &nbsp; &nbsp; &nbsp; function Test($name) { // متد سازنده کلاس<br />\n&nbsp; &nbsp; &nbsp; &nbsp; &nbsp; &nbsp; &nbsp; &nbsp; $this-&gt;name = $name;<br />\n&nbsp; &nbsp; &nbsp; &nbsp; &nbsp; &nbsp; }<br />\n&nbsp; &nbsp; &nbsp; &nbsp; &nbsp; &nbsp; public function getName() {<br />\n&nbsp; &nbsp; &nbsp; &nbsp; &nbsp; &nbsp; &nbsp; &nbsp; return $this-&gt;name;<br />\n&nbsp; &nbsp; &nbsp; &nbsp; &nbsp; &nbsp; }<br />\n&nbsp; &nbsp; &nbsp; &nbsp; }<br />\n&nbsp; &nbsp; &nbsp; &nbsp; $test = new Test("تست");<br />\n&nbsp; &nbsp; &nbsp; &nbsp; echo $test-&gt;getName(); // خروجی تست است</div>\n\n<p dir="rtl">در php می توان از متد های جادویی نیز استفاده نمود&nbsp;</p>\n\n<p dir="rtl">مثال :</p>\n\n<div class="code">&nbsp; &nbsp; &nbsp; &nbsp; class Test{<br />\n&nbsp; &nbsp; &nbsp; &nbsp; &nbsp; &nbsp; private $name;<br />\n&nbsp; &nbsp; &nbsp; &nbsp; &nbsp; &nbsp; function __construct($name) { // متد سازنده کلاس<br />\n&nbsp; &nbsp; &nbsp; &nbsp; &nbsp; &nbsp; &nbsp; &nbsp; $this-&gt;name = $name;<br />\n&nbsp; &nbsp; &nbsp; &nbsp; &nbsp; &nbsp; }<br />\n&nbsp; &nbsp; &nbsp; &nbsp; &nbsp; &nbsp; public function getName() {<br />\n&nbsp; &nbsp; &nbsp; &nbsp; &nbsp; &nbsp; &nbsp; &nbsp; return $this-&gt;name;<br />\n&nbsp; &nbsp; &nbsp; &nbsp; &nbsp; &nbsp; }<br />\n&nbsp; &nbsp; &nbsp; &nbsp; }<br />\n&nbsp; &nbsp; &nbsp; &nbsp; $test = new Test("تست");<br />\n&nbsp; &nbsp; &nbsp; &nbsp; echo $test-&gt;getName();// خروجی تست است</div>\n\n<p dir="rtl">می توان از هر دو روش نیز برای ساخت متد سازنده استفاده نمود :</p>\n\n<div class="code">&nbsp; &nbsp; &nbsp; &nbsp; class Test{<br />\n&nbsp; &nbsp; &nbsp; &nbsp; &nbsp; &nbsp; private $name;<br />\n&nbsp; &nbsp; &nbsp; &nbsp; &nbsp; &nbsp; function __construct($name) {<br />\n&nbsp; &nbsp; &nbsp; &nbsp; &nbsp; &nbsp; &nbsp; &nbsp; $this-&gt;name = $name;<br />\n&nbsp; &nbsp; &nbsp; &nbsp; &nbsp; &nbsp; }<br />\n&nbsp; &nbsp; &nbsp; &nbsp; &nbsp; &nbsp; function Test() {<br />\n&nbsp; &nbsp; &nbsp; &nbsp; &nbsp; &nbsp; &nbsp; &nbsp; $this-&gt;name="Test";<br />\n&nbsp; &nbsp; &nbsp; &nbsp; &nbsp; &nbsp; }<br />\n&nbsp; &nbsp; &nbsp; &nbsp; &nbsp; &nbsp; public function getName() {<br />\n&nbsp; &nbsp; &nbsp; &nbsp; &nbsp; &nbsp; &nbsp; &nbsp; return $this-&gt;name;<br />\n&nbsp; &nbsp; &nbsp; &nbsp; &nbsp; &nbsp; }<br />\n&nbsp; &nbsp; &nbsp; &nbsp; }<br />\n&nbsp; &nbsp; &nbsp; &nbsp; $test = new Test();<br />\n&nbsp; &nbsp; &nbsp; &nbsp; echo $test-&gt;getName(); // Test</div>\n\n<p dir="rtl">می توان هر تعداد که لازم باشد متد سازنده با ورودی های مختلف تعریف نمود.</p>\n\n<p dir="rtl">موفق باشید ...</p>\n<style type="text/css">.code{\n;background-color:#757575;border-radius:2px;box-shadow:0 0 4px #CCC;padding:5px;font-weight:bold;color:white;direction:ltr;text-align:left;\n}\n.code p{\ndirection:ltr !important;\n}\n</style>\n', 1, 1, '2016-07-22 17:51:46', NULL),
(22, 10, NULL, 'متد های جادویی set و get در php', '<p dir="rtl">متد های جادویی set__ وget __&nbsp;در php</p>\n\n<p dir="rtl">می توان برای دسترسی به متغیر های تعریف شده در داخل کلاس از متدهای جادویی set و get استفاده نمود .</p>\n\n<p dir="rtl">مثال :&nbsp;</p>\n\n<p dir="rtl">ما جنس متغیر name را private قرار می دهیم تا به آن از خارج از کلاس دسترسی نداشته باشیم :</p>\n\n<div class="code">&nbsp; &nbsp; &nbsp; &nbsp; class Test{<br />\n&nbsp; &nbsp; &nbsp; &nbsp; &nbsp; &nbsp; private $name = "test";<br />\n<br />\n&nbsp; &nbsp; &nbsp; &nbsp; }<br />\n&nbsp; &nbsp; &nbsp; &nbsp;&nbsp;<br />\n&nbsp; &nbsp; &nbsp; &nbsp; $test = new Test();<br />\n&nbsp; &nbsp; &nbsp; &nbsp; echo $test-&gt;name;</div>\n\n<p dir="rtl">&nbsp;خروجی :&nbsp;</p>\n\n<div class="code"><b>Fatal error</b>: Cannot access private property Test::$name</div>\n\n<p dir="rtl">برای دسترسی به این مقدار از متد جادویی get استفاده می کنیم :</p>\n\n<div class="code">&nbsp; &nbsp; &nbsp; &nbsp; class Test{<br />\n&nbsp; &nbsp; &nbsp; &nbsp; &nbsp; &nbsp; private $name = "test";<br />\n&nbsp; &nbsp; &nbsp; &nbsp; &nbsp; &nbsp;&nbsp;<br />\n&nbsp; &nbsp; &nbsp; &nbsp; &nbsp; &nbsp; public function __get($name) {<br />\n&nbsp; &nbsp; &nbsp; &nbsp; &nbsp; &nbsp; &nbsp; &nbsp; if(property_exists($this, $name)){<br />\n&nbsp; &nbsp; &nbsp; &nbsp; &nbsp; &nbsp; &nbsp; &nbsp; &nbsp; &nbsp; return $this-&gt;{$name};<br />\n&nbsp; &nbsp; &nbsp; &nbsp; &nbsp; &nbsp; &nbsp; &nbsp; }<br />\n&nbsp; &nbsp; &nbsp; &nbsp; &nbsp; &nbsp; }<br />\n&nbsp; &nbsp; &nbsp; &nbsp; }</div>\n\n<p dir="rtl">اول بررسی می کنیم که این مقدار در داخل کلاس وجود دارد یا نه اگر وجود داشت این مقدار را بر می گردانیم .&nbsp;</p>\n\n<div class="code">&nbsp; &nbsp; &nbsp; &nbsp; $test = new Test();<br />\n&nbsp; &nbsp; &nbsp; &nbsp; echo $test-&gt;name; //&nbsp;test</div>\n\n<p dir="rtl">&nbsp;حالا با استفاده از متد جادویی get خروجی به صورت زیر می باشد</p>\n\n<div class="code">test</div>\n\n<p dir="rtl">حلا اگر ما بخواهیم برای این متغیر مقدار جدیدی وارد کنیم :</p>\n\n<div class="code"><b>Fatal error</b>: Cannot access private property Test::$name</div>\n\n<p dir="rtl">دوباره با این خطا رو به رو می شویم&nbsp;</p>\n\n<p dir="rtl">برای رفع این مشکل از متد جادویی set استفاده نماییم :</p>\n\n<div class="code">&nbsp; &nbsp; &nbsp; &nbsp; class Test{<br />\n&nbsp; &nbsp; &nbsp; &nbsp; &nbsp; &nbsp; private $name = "test";<br />\n&nbsp; &nbsp; &nbsp; &nbsp; &nbsp; &nbsp;&nbsp;<br />\n&nbsp; &nbsp; &nbsp; &nbsp; &nbsp; &nbsp; public function __get($name) {<br />\n&nbsp; &nbsp; &nbsp; &nbsp; &nbsp; &nbsp; &nbsp; &nbsp; if(property_exists($this, $name)){<br />\n&nbsp; &nbsp; &nbsp; &nbsp; &nbsp; &nbsp; &nbsp; &nbsp; &nbsp; &nbsp; return $this-&gt;{$name};<br />\n&nbsp; &nbsp; &nbsp; &nbsp; &nbsp; &nbsp; &nbsp; &nbsp; }<br />\n&nbsp; &nbsp; &nbsp; &nbsp; &nbsp; &nbsp; }<br />\n&nbsp; &nbsp; &nbsp; &nbsp; &nbsp; &nbsp;&nbsp;<br />\n&nbsp; &nbsp; &nbsp; &nbsp; &nbsp; &nbsp; public function __set($name,$value) {<br />\n&nbsp; &nbsp; &nbsp; &nbsp; &nbsp; &nbsp; &nbsp; &nbsp; if(property_exists($this, $name)){<br />\n&nbsp; &nbsp; &nbsp; &nbsp; &nbsp; &nbsp; &nbsp; &nbsp; &nbsp; &nbsp; $this-&gt;{$name} = $value;<br />\n&nbsp; &nbsp; &nbsp; &nbsp; &nbsp; &nbsp; &nbsp; &nbsp; }<br />\n&nbsp; &nbsp; &nbsp; &nbsp; &nbsp; &nbsp; }<br />\n&nbsp; &nbsp; &nbsp; &nbsp; }<br />\n&nbsp; &nbsp; &nbsp; &nbsp;&nbsp;<br />\n&nbsp; &nbsp; &nbsp; &nbsp; $test = new Test();<br />\n&nbsp; &nbsp; &nbsp; &nbsp; $test-&gt;name="Name Dynamicly";<br />\n&nbsp; &nbsp; &nbsp; &nbsp; echo $test-&gt;name;// Name Dynamicly</div>\n\n<p dir="rtl">&nbsp;خروجی مقدار جدید خواهد بود</p>\n\n<p dir="rtl">موفق باشید ...</p>\n\n<p dir="rtl">&nbsp;</p>\n<style type="text/css">.code{\n;background-color:#757575;border-radius:2px;box-shadow:0 0 4px #CCC;padding:5px;font-weight:bold;color:white;direction:ltr;text-align:left;\n}\n.code p{\ndirection:ltr !important;\n}\n</style>\n', 24, 2, '2016-07-22 18:18:15', NULL),
(28, 11, NULL, 'مقدمه AngularJs', '<p dir="rtl"><strong>مقدمه&nbsp;</strong></p>\n\n<p dir="rtl">آنگولار یک فریمورک بر پایه جاوا اسکریپت می باشد که توسط یکی از کارکنان شرکت گوگل طراحی و چون قابلیت های زیادی داشت توسط خود گوگل مورد توجه قرار گرفت و گوگل شروع به توسعه آن نمود.این فریمورک بر پایه مدل MV* طراحی شده است و * به این معنی است که شما آن را با هرمدلی که خواستید می توانید پیاده سازی نمائید.با استفاده از این فریمورک شما می توانید از تگ های html5 استفاده و حتی هر element که خواستید تعریف و از آن استفاده نمائید.</p>\n\n<p dir="rtl">شما می توانید این فریمورک را از <a href="http://angularjs.org">اینجا</a> دانلود نمائید.</p>\n<style type="text/css">.code{\n;background-color:#757575;border-radius:2px;box-shadow:0 0 4px #CCC;padding:5px;font-weight:bold;color:white;direction:ltr;text-align:left;\n}\n.code p{\ndirection:ltr !important;\n}\n</style>\n', 0, 1, '2016-08-06 07:17:40', NULL),
(29, 11, NULL, 'ساخت اولین صفحه با AngularJs', '<p dir="rtl">ساخت اولین صفحه&nbsp;</p>\n\n<p dir="rtl">ابتدا یک صفحه html با کتابخانه Angular می سازیم :</p>\n\n<div class="code">&lt;html&gt;<br />\n&nbsp; &nbsp; &lt;head&gt;<br />\n&nbsp; &nbsp; &nbsp; &nbsp; &lt;meta charset="UTF-8"&gt;<br />\n&nbsp; &nbsp; &nbsp; &nbsp; &lt;title&gt;&lt;/title&gt;<br />\n&nbsp; &nbsp; &lt;/head&gt;<br />\n&nbsp; &nbsp; &lt;body&gt;<br />\n&nbsp; &nbsp; &nbsp; &nbsp; &lt;script src="js/angular.min.js" type="text/javascript"&gt;&lt;/script&gt;<br />\n&nbsp; &nbsp; &lt;/body&gt;<br />\n&lt;/html&gt;</div>\n\n<p dir="rtl">ساختار یک صفحه که قرار با آنگولار کار کند به صورت کلی به صورت زیر است :&nbsp;</p>\n\n<div class="code">&lt;html ng-app&gt; // به مکانی که انگولار با آن کار می کند اشاره می کند<br />\n&nbsp; &nbsp; &lt;head&gt;<br />\n&nbsp; &nbsp; &nbsp; &nbsp; &lt;meta charset="UTF-8"&gt;<br />\n&nbsp; &nbsp; &nbsp; &nbsp; &lt;title&gt;&lt;/title&gt;<br />\n&nbsp; &nbsp; &lt;/head&gt;<br />\n&nbsp; &nbsp; &lt;body&gt;<br />\n&nbsp; &nbsp; &nbsp; &nbsp;&nbsp;<br />\n&nbsp; &nbsp; &nbsp; &nbsp; &lt;h1 ng-controller="Test"&gt; // نام کنترلر و مکانی که قرار است توسط این کنترلر مدیریت شود<br />\n&nbsp; &nbsp; &nbsp; &nbsp; &nbsp; &nbsp; {{helloMessage}} // یک متغیر که در این کنترلر قرار است نمایش داده شود<br />\n&nbsp; &nbsp; &nbsp; &nbsp; &lt;/h1&gt;<br />\n&nbsp; &nbsp; &nbsp; &nbsp; &lt;script src="js/angular.min.js" type="text/javascript"&gt;&lt;/script&gt;<br />\n&nbsp; &nbsp; &nbsp; &nbsp; &lt;script type="text/javascript"&gt;<br />\n&nbsp; &nbsp; &nbsp; &nbsp; &nbsp; &nbsp; function Test($scope){ // نام کنترلر ما اسکوپ به مکانی که کنترلر آن را مدیریت می کند اشاره می کند<br />\n&nbsp; &nbsp; &nbsp; &nbsp; &nbsp; &nbsp; &nbsp; &nbsp; $scope.helloMessage = "Hello World"; //اطلاعات این متغیر<br />\n&nbsp; &nbsp; &nbsp; &nbsp; &nbsp; &nbsp; }<br />\n&nbsp; &nbsp; &nbsp; &nbsp; &lt;/script&gt;<br />\n&nbsp; &nbsp; &lt;/body&gt;<br />\n&lt;/html&gt;</div>\n\n<p dir="rtl">خروجی :&nbsp;</p>\n\n<div class="code">\n<h1 ng-controller="Test">Hello World</h1>\n</div>\n\n<p dir="rtl">اگر گیج شدید نگران نباشید در آموزش های بعدی به طور مفصل راجع به این توابع صحبت خواهیم کرد .</p>\n\n<p dir="rtl">&nbsp;</p>\n<style type="text/css">.code{\n;background-color:#757575;border-radius:2px;box-shadow:0 0 4px #CCC;padding:5px;font-weight:bold;color:white;direction:ltr;text-align:left;\n}\n.code p{\ndirection:ltr !important;\n}\n</style>\n', 0, 2, '2016-08-06 07:34:02', NULL);
INSERT INTO `content` (`id`, `ctg_id`, `user_id`, `title`, `content`, `visit`, `order_list`, `created_at`, `updated_at`) VALUES
(30, 11, NULL, 'کنترلر و اسکوپ در انگولار', '<p dir="rtl"><strong>کنترلر و اسکوپ</strong></p>\n\n<p dir="rtl">کنترلر : به مکانی که ما تعیین می کنیم و آن را با ng-controller مشخص میکنیم را یک کنترلر می نامند و توسط خود این این کنترلر به محدوده این ng-controller دسترسی داریم .</p>\n\n<p dir="rtl">Scope یا اسکوپ : به محدوده این کنترلر اسکوپ می گویند.</p>\n\n<p dir="rtl">مثال :</p>\n\n<div class="code">&lt;div ng-controller="HelloWorld"&gt; &lt;p&gt;{{hello}}&lt;/p&gt; &nbsp;&lt;/div&gt;&lt;p&gt;{{test}}&lt;/p&gt;</div>\n\n<p dir="rtl">ما توسط کنترلر HelloWorld به مقدار hello دسترسی داریم و می توانیم آن را تعیین کنیم و خارج از آن در قسمت test به آن دسترسی نداریم چون جزء محدوده یا اسکوپ این کنترلر نمی باشد.</p>\n\n<p dir="rtl">به طور کلی کنترلر را می توان به صورت زیر تشریح کرد :</p>\n\n<p><img alt="" border="0" height="452" hspace="0" src="data:image/png;base64,iVBORw0KGgoAAAANSUhEUgAAAhwAAAHECAIAAAD9GWT0AAAAA3NCSVQICAjb4U/gAAAAGXRFWHRTb2Z0d2FyZQBnbm9tZS1zY3JlZW5zaG907wO/PgAAIABJREFUeJzs3XecZFWZN/Df85xzqzpOTuTMkCTDgCBJSSoZdRV1QEFdw+oLqOiaVl/f3TUvhjUD6squK+JKNpAVdcHFIanEASYwOXZ31b3ned4/TnVPABHZywzN/L6f+sx0qHDr3urzuyde8eQgIiKqg27sDSAiohcOhgoREdWGoUJERLVhqBARUW0YKkREVBuGChER1YahQkREtWGoEBFRbRgqRERUG4YKERHVhqFCRES1YagQEVFtGCpERFQbhgoREdWGoUJERLVhqBARUW0YKkREVBuGChER1YahQkREtWGoEBFRbRgqRERUG4YKERHVhqFCRES1YagQEVFtGCpERFQbhgoREdWGoUJERLVhqBARUW0YKkREVBuGChER1YahQkREtWGo0HNJAUFKKX/R+Rcws9H10XMAimSpShV0+I0I8rfJzNzc3cw2yraZmcMBmFvesGfpf/NYIgCAePKNvQ30wiXrfJ2qJCKq6u6igo1QAj9LDk8pxRDNTMNwHgoAuMHNVBUCNxfZ4KWy5tBD3raRbTBzVcEz+/t2AO6d4+XARngb9AIxqk4XabRx97Isqyq5OxwhBFV9hsXc84qIxBjNHYKUcqUk1w0gCs/FsUPCximKU0oQCARrxYEI3P+KfS0qHcpAoWePNRV6julwBWX4BN+Tdwrf0VNTSZZCCBAsW7o8BHX3Mf1jzMzMBgYHzKzZbA4ODI6fMF42ePuRw0XFk4tKzraRLBF5pjWVzlaP1FRG/iX6KzFU6Dnk8FSlsiq7urr/+7e/VdWdp+88ZuyYqkyqqqOniaWqqhCCue20007uHkL4zGc+c/xxxxeNxtEve9mf/vQnMwsx3H333WP6x2zgbct/wCJYsWLl/ff/SSBbbb3V5MmTy7IsiuKZN3+52f0PPGAp7Tx9uqps+HSkFwY2f1GdHHC4uZlbSunXv/71ueedu+uuu8YYX/ziF8+YMWPChAn9vf2vefWrBwcG3N3cHD7Sh+/w4dt6T+v5bg5A4O75VaAw93ZZunvnsyxrRgRUqYLAzHLzVBrpzTYbGSmQe7Ydvqb7XTHytcPznTUEAJZs9uzZs2fPfvjhh6sqhRhFZMHCBY/PfXzu/LlzHp+TUlp/j2jnj8zzVq8tv27esNw+OPIWRkY0DHf+5986YE9q0XKzdqv1wQ98cPvttz/44IP3O2C/aVOnvfSol876/SwzH96rT0Vg7stXrPjsZz+72267NprNXXfddbc9do9FmD59+j98/B/W7Art7Kj86uZWpZQ3Oz9PsrT2ns9vx58UaObW2SfDIwJ85HA8adtGDno+0PnmIx0/9HwVN/YG0AuKCCDiCYMDA//8qX/+p3/8JwBVSiJI7oAXUgy1hu69997unm4J4slFxM0hEBFLFmLolBq29tMKAAgkd4arAHCHJQOk0Sw691NUZVqyZMmypUuvvubqXXfZ9dhjj9XYOXNSkZSSiIaoliw/j0Jzw1EqE4AQQ07F3EAnEFGBwp51hd7h7rmrYr031enzz90x7u5Qh7mFEFKVckVBgyL3lljuL8GTBziklN76trddeun3y7Ls6e6ZOmXqwkULb7jxxkMOPfTBBx7YbPPNNUhO+/WkKg0MDuy1556Pz3lcIMmqqNHcVOP9D9x/xx13pDLlLhaBqHZ2Y1lVRRE1DJ9BuOfOGAApmaoAMLegAfLkFk6Bdto/827Phz7vh3W2UCCQfO4wsus6+WoYRXXcTRBrKlSrzjCkdP7553/yk5+sUpVSCqoxxqmTp+y7z75d3d0ppfdf8H44UmVunlKSPEgpFy4CS/YUjTadoVYuIvnM3ixpUBFY6pwTpyqtWrVyn7333v+A/S+44IIHH3wwDzlzcwBVqlRDCDrcwd4pqiRIfulQhDWnzLnEzK/77AMF7hCVVKVUpZxbIyyZpU6RqlEFMDMRdYe7a1SNamYpGWy4uuOwav1y+pe/+uUl37m4Xbb7evvu+N0dv/vd7/bff3+HWUpXXHmlAJY8pfTk2oCovPUtb318zuNmBpGgcd99991hhx1y/ePII4/UoOaWYzUlg8NSKmI0s3arrMoqJ4obqiq5IwTNIaTSGQu3/iuKAJ3hDPnfTgg96U11dqCZBEkpuTkUolKWpXIcwfMbaypUv4suuvirX/8a4M2i2dvb+/4LLpg5841TJk9JlmIRH3rwoUmTJuc6gAyXPmu6mh0q+uSxuZ7c4cMN/S6isYiePJe/ltzNQgyDA4Nz588FpKe7R1TcoaJwePKiKNw8JRNBrrLkp8pn0yLiyQWSS3ZLlsdS4X8xvLZTBUkIMZjZes8TG7EThwI4NKonz2O2RAQGh6tobgKqyhSL8JSvctdddxWxqKpq7733nj59eqvVPuSQQ2/71W3JbN68uVWq4CgaRVWl9U4hly9b/oP//IGZhRD32Xvva6+7bty4sSLijl/+8taddtwpDwXL+RqCuiMWEYBCG4UCgMINImg0inw2oKLuLiN1o/X3nLshpRRjHKmedupA6wZQ/jCoqpvHIrrBzd292dXkCILnOdZUqE4OT2X6+te+lksUDeGS71zyvve+d8qUqeadnNh+h+3H9PdrEBGBIJXpoYce/n+f/H8nnHjC2LFjDzro4PPOP+/WX/7SzHITvMMfnf3oW976lnPOect55503MDh49dXXHH30MZMmTDr6mKO/fdFFy5Yuy01JX/j8F95/wQUAFFKV5aXfv/SNb3zDmWeduWr1qna7ff755599ztlvOeec+fOfmD//iXPOPluDXHP1NaJiZhA89vhjH//4x48/7vgJE8YffsTh559//o033JBP20WGu0D+Yot+p6vAB4cGf/Pb38ycOXP6Lrvstttup59++s233Jw7eNw9pXT+ueefc845M98484l5T8x5fM5ZZ56lUa+55mqIqOqcOXM+/OGP7LPPPo1GY5dddjnjda+79577RNEpgoe3wuETJkwUiMMfmf1IVVVFUfz+9783GICtt95aRItGkeuL623pAw8+mCypagxh2+226+/vz0lQVdVLDnvJ1GlTU7Lc0GRuVVnNnTPnO5d85+iXHT19l13Gjhu3/wH7f+2rX7eU3AFBe6h98823vPNd75wxY0Z3s/vEE0781Kc/NfvR2Y5Ob5K7f/nLX37rW9969tlnX3nllUuXLf3yl7982GGHT5gw8ZAXH3LNtdesWrUqVw6HB2tjyZIlP/7xf53wihO23XabPfbYY+bMM2//79urlJ7csUTPI56cN97qulmyG2+4sREb+dP17r97j7tbsrJdpio9+f7tofYnPv6J/t5+gQYJMtxD3Sgap516urt7cjefP3d+IzYEMnni5BNPOLHZaAYJMcR8z8MOPaxslalKRx5+ZBGK/AxBI4AiFgJ9Yt4TraHWNltvEzXGEG+84cbpO01X0UbRvOInV6QqDQ0O/dM//lNvT28RC4UK8tgnaTaarzr9VUODrbwZraF2p6tD9D9/8MOyXVnyPXbfI79ZhS5ZvCRnhlV2witOiCE2YqOIRbNoCqSr2XXG616fymSVWbKpk6cCEMhNN9w0fefpRSwAXHPVNW7+yMOPTJk8RaBdja4gQUUBvOfd78lPXpUp7+qyXVXt6pe3/jJojBoBvO61r/ub1/xNfu/Nojl/3nx3T2WqypTK9ff/wicWjpQDvT29373ku57ynSs3z7f8qLJVXn3VNWP6xxax0d3VEzU2ioZAXvfaMyx5VaYVy1e+4vhXBAkqIUgAkD8D48aM+9Fll+e9126VM98wM+/Av33r3+71or2KWMQQg4Zmo0tFTz7p5NwiasmrdtUeau+91z55FzUbzfyEjdj43Gc/Zynv5eF/N/bHnre1bwwV3mq+ffQjHy1iUcSiUTS+991/c/eyXT7lX36q7Ibrb+hqduVCfOKESSedcNLOO+6co0Ugn/n0Z1KZUplWLFsBYOT8PN+/iA2FqgSBXnfNdW5+1JFHRY25CI4ac+kGYOnipa2h9nbbbicQFZ1xwIwYokC7m90/+fFPPPmtN986pn8MIDHEKZOnnPDKE3fYfodcNAcJH//Yx3OhXLbK/ORPEyqpMnd/3WvPCBKajeaWW2z5rnf+3emnnd5sdCm02WheecWVVVlZZZtP2zxoADDjgBk5/4pQXHftdUsXL502dVrQoNBpUzf727e9/eQTT548afId/31H7h/KWTtSsFZl9aaz3pQjNqdL1Ljr9F0f+NMDZbv64x/++KPLLr/iJ1f++le/Xm//V+3q3X/3nrxXYygEssdue5z7f85bvGhxHshQtStP7ua33nxrb3dv0JD3fHdX9/Sdd+lqdF34hQurdlW2yje8/g0Czbtrj933OOnEk/p6+0bi+fbf3l6VVdWuzn7z2QCKUHQ1ulRCDLGnuxdA0JAP3Ec/8tGhwZZVtmTxkl2m76qiAtl1+q7vfMe7Dj/siBxa/X39/3PH/3ROOHzjf+B5W+/GUOGtzpslO+XkU6LGoCFIuOWmW7xz6u5W2Xp3nj/viYnjJwokaNhs2maPPfqYu8+fO3/bbbYFINAiFA8+8FBVVksXL11zTt3de9G3L1qyeMn55723q9mdy50PXvDBslW6+6KFi3JyNBvNr3z5K568UxCb77TjTgqNISp0TN+YU08+9b3nvfeuWXctW7p84viJuVCeMnnK7EdmW7Kli5dO33m6QBSq0Ltm3ZUqaw21c6Q9XU3F/OGHHmk2mvlus+6clesTb3vL2xQKYNutt63alVU2dcrU/CiVMKZ/zGmnnPbhD33k/j89MOvOWQIpQgHgW9/8Vt51q1cNtIbaVbvqtJ6VyXKumP/h3j+87KiXAZILfYUee/SxA6sHctXwhFeekN/yh//+w+vt/1TZksVLjjryqBhifjkVzU/yfz/xf1csX5mfYWDVwPix40eC/BP/8Il2q52zbcmiJa3B1j1335Pfb6NonHbqaWWrtGTXXnNtb08vAJVwysmn5ArWG1//xryvosbddtnt4YceTmW6+KKLc30laNh6q60HVg24+WU//FERCoXutMNOZbtMlbWH2kccfkR++DFHH5Org6ypPA9vDBXe6rxZ8qOOOKoIRdDYKBq3/eq2POqpEy3r3vn6X9wgEIFGjRe8/wJPnQLi+/92aW7s6uvtv+6a68p2tXjh4pFqx7984V/arXbZKst2mQv0GOLfvOZv8mPnz3sin+M3G11f+9evtVvtfNJdtsqcVfl5/vMHP8yNcm5+269+PTLR713veJcnT5WV7fLyyy4fqR796LIfuXlrsNXJj6dt/jr7zWfnNqsDDzgwF3ypTPfec29+IIB777nX3adNmZaDR0V//KMfV2WVqlS2yz/c94eRNzt+3Pif/NcVqUqWPFVWlZ0vRhp/Fj6xcOyYsSOJ26lJNLt/d/vvUpUGVw82YiO/6B3/fcf6x2v4ST79qU/n+k0MMYaiiA0Ar3/d6/MBve7a64pY5Jrfa171mrJd5f3p5u2htlX2d+/6u7xje7t777n73uEGt+q0U0/PzYlTJk2x5GW7nPmGmQrN5wE/vvzHraFWqqzdar/5TWfnQ9Db3fvYo4+nMh1x2BE5e859z7n5k1O2yp//9Of5PU6bMm3BEwtHKm28Pa9u7KinOgmw2+67mVmyBMcD9z9gZho1jy7NHbYjixY//PDDIUSHJUvHHH1MspRH05588kntqu3wgdWrZ82aFVRDDMlTPg3feefpIhpjVNH+vn5AzOyJJ57ozHhQcXMHWu1WWZZFoxjuaZeyrABJbgJ9yaGHCiTGCMG8eXO7uroBCPT4lx+fUlKVoOH4lx+vncUa5a5Zd7XbnWrKX5hq7rjqqqtCCO5+++23a1QRaTQbu+2+e54FAmD58uWeXIM6kCeKHvziF4cQNGiMcbvttjvj9WfkGsPKFStPPfWUHXfc6QMXXCDIY3ahKjmnU5lOOvmkFStWBo2nnnLaTTfeNGHCRABDraHjjjvu0Ucf/f6ll7artohus/W2e++z91Nub9Wuzjv3vLlz517ynUv22XsfS8nNVMLlP778sccft5QefPAhGx4cfOZZZ8UQ4IiNCEfRLNz9qquuChqSJ1EZN3asJ8/jiqdP37msSoMtWrToj3/4QwxRg0JERR3Yf7/98xyYGIuZM2cKJEhotVsLFyzQqLNmzcr7+Qtf+EKQEGLs6u469rhjczOduQ0ODpqZpdGz1M8mg6FCNdt3330BCFBW5bXXXRdCzNOoU5WSmYxMMHRvDQ0NrzXlRaMhEJHOvLnc2RBjHBwcLKtqpOe8c/fOorquqnnYbj4ZX7PIo0iz0QghWGUaNFUpFCHG2FkbC14URef5DKtWrrKU8sDenp6eEAKAzmSLPAkPXlVVXl5+ZPrKn2NmrVY7pZTn7uVtNrOoobIq52JVrTNhRaHNRqOqkhvcURTF17/29bPffPaECRPyYvuPPPLwZz/32Xe+611VVeW1I/MM/6HW0J3/c6eKNBuNCy54/6GHHnr1VVd1d/eIyKLFi/ff/4AvfemLUWOy6u1/+7fDQ6jXqMoEIBbRgYmTJp1++qt+89vfvO997xNV8zQwMHjZZT80z/MZPc+obzQa+YxheMg1NOrCBQtzAOQfjixJqapRIyCismrVqpFVnCtLAjS7ulRDHgg3btzY4RUHRFSssqqqHF5ZlXe4qrojWUopObwqq3xWsWbFaHre4CGhWgnOOuussWM7DTL/8R//ft1114oiVSlokOESOSVLybbZZpsylSqqEubOnSOqKaUQw9333JMfXqVqhx13+Ksmu+U1uERg5osWLwYARygCAF939l9ulK+qaqutt9YQFAJg3rx5nTUZze+6+26DObyIxVZbbxVjMdJa9TQbkKp0xOGHu7vBttpqy+t//otbb7n1lptvuf7662/75W0333TzL67/xT777FNV1XrDYmMIbiYKEWl2Nb/0pS/NmTP3ne94Z1ejC5CU0r/+61fumnVXCAHWmYK/eNHivESNu/f19aUqHXDggT//2c/y5I/FSxbdeeed5jZu7Pi3vvWtT16rxd0AtIZa7p5S1WgUonLmmWemlIIGwGc/MrtoFJtvtnneXY2iceWVV+RyvJPiyayyV77yle6uUFF1c3PP6bJo4SJ3VxEz33GnnSAoiiJZlXfwwMDqoCpBYhFu+9VtKmqwooiTJk1yYK+99wKgEl75ylfcfPPNP//5z2655eZbbr71pptuvOnGm35yxU8mT5rkz2yMN21gDBWqmbu/+ew3CySGWKXqjNed8fa3vX3lypVlVWlQEXniiSeGhgZTqrbfYQeBuLt5+ud//uehoSFAynb17ne/W1VVgojstedeuerwDE2cOLHRaOb1p+67917kNWD8KWZ3A9CosYhbbrHF0NCgiBRF8dGPfmzVqtXJkrl96EN/n+9WVWm/ffeLITjcPD19MRZjPOaYY1Q1hjh37rwQw0EzDtr/gP0PnHHgvvvuu9/++x9x+BG9PT0hrr9KvgN5RZlc39KgjUZx4Rcv/P6l3xdBCLHZbC5fsRyCfLauqmPGjoG7qg61hr73vX/ToGY246AZ3/7Wt1OqggSHdzW7rr/+F/1j+p9cwYoxnvt/zr3yqistpRBCSsmTf/Ob3yyKQkQcfvzLj3fzbbbZxs0dPtQauvjii2+95dY88GJkzvyxxx1nbgZrtYZ+9KMf5crgsqXLrrrqqryCy5FHHjF2zBirLFlefkYE+rGPfSzXFOfNmffBD34QgqBh0qRJY8eOC1H33HNPFVWRu+++Z/rO0w895NB99tn3wAMPOOCAAw499NAZMw4qGoUMH1x6ftnovTq8vaBu5qlMC55Y8KLdX5RbsQQqkCIWL9rjRccdc9wu03cNEr5z8XfyoKzzzzu/M+4IesrJp3z+c59/9ate3dPVk4chHXXkUatXrfbky5cuz136Cr3m6mvKdunJq3Z1yMGH5Jaxlx75Uqssz3J40e4vKmIRJAQNMw6c8eKDD6naVdWuttt2uzzsVSCLFy526/R4W2Uf++jH8vMXoTjxlSd+8V+++PozXp+7lGOIRxx+xODqwdwvDSCG+DQd9bnzf8899gQQNHR39Zx26mkf+vsPfeCCD7z9bW8//LDD582ZZ8mqMm02bfOcTwpdtmSZJfPk7v7QAw+NGzvunDef89WvfPU//v0/jn7Z0Xmbi1Dc/8f7O73T7nmI82677JbrTwI56cSTvvgvX/zwhz68+667C0SlM073tFNPW71q4CnnqUSNCm3Exm677nb0y47ZcvMti1DkGSF77LZHHmyWqnTue87t1NKgKnr0S48+5+y3HH/c8Rd+4cKyXbr7i3Z/kUBVgoqe+55zP/Opz+y4w45dja685Zf+26VDgy1L9uaz3gygq9EVNBSxeO3fvPbsN5297dbbDg9MkPee9948S+b+P97f092Tn3P82PFnzjzzHz76D+977/vPnHnWMUcfk3dUHv9mG/0zz9u6N4YKbzXfUpUs2bKlyw45+JC41kBVQPL4IoWeevKpeejRsqXL99pzLx0u6zuz9hrNIGHfffbLQ4bcffWq1QAaRSNouPrKq9tD7TyF8LCXHJYz6bBDD+tM1qvS5z/7eazbnZ5L4a232makY2bFshV56ap2q/TkZbs89MWH5qJN1q2+H7DfAUMDQ/l9DawewPC0vssvu7xsla2h9l577pXzQyDLly7PO+Gaq68Z0zemUTQB6PBQLoUK9Jqrr2kNtSzZlltslR+oElatXNUeaueC8uqrrhkZUtzV7MovF0P8wAUfyPu2bJWevCpT1a5+eu1PJ4ybEDTmXMmDg/OenDxpsnTmoMRPfuKTndBa63bD9TdgraEHXc0uhcZQBAnjx43/5S2/tDwVsbJVK1bNOHBGHhVWhCK/WQBveP0b86C7G66/ob9vzMgI7HyHRtGIGt/x9neMTHnJoZInTnZ3defdkqetCGTGgQelylLZmYvz1a98tae7RyB5XqdKEEjeG4/OfnRkHihD5fl2Y/MX1czdBdLb2/uLX/zipptuPPWUU1U0WQK8sqpKqX/MmJ133hmAO8aOGXPTTTdddNFF48aOA2CWosa+3r4vfelL11//CzdTDQAGBgbyqlxm3mw2Nai5S5B2q53McpeDmaUqadBzzjnnfe993zo9Hw4AquJwwBWahlfiKhoRAhX96c9+9t3vfbe3pw/wPHVm6uSpn//cF37+858XjUZejTGEIJCUUtRYVmUIAe5lWQkkWVIN7Xbb3SE45phj77vvvjPPPLOvp8/dg3YmghxwwAFjx44rYuGOdruFfPkv1XarPTxAANOmTp0xY0aVKoG22+12Ve60406XX375xz/+8dzRHRvRgRA0FOHIo4685ZZbjj322Bhi3kXuvsUWW1566aX33HPvy49/OYAqVR/5yEc+9PcfWu9I7fmiPT94wQenTp2Wv2232hA0iuLDH/7wPXffc+CBB3bW3BT09vXeeMONF1900dZbbV2llBd3aRbN/H7d/fDDD7/v3nvfcs5bms2mw5Oloij2fNGeN99884UXXphb86BIlgBUVaUaLrvsR43YAKRMZTJ77/nvve66azVIXjUShrPPPnvWrFmvefVrKqsUap4AlFV5/HHH50lFnlzYpfL8w4t0Uc3yMJ481sjNqlQNrB5YuGjh7Edmjx8/fty4cZtvsXl3d7clcyBEzet7mfkjjzw8Z86cCRMm7LbbbrkLVrWzPljZKotGZ337qqryUGDPy+ajs7Z8SkkEKpqH7S5atGjOnLlBdbvttx8ztr8qO7/Ni+NW7SrGuKZOYnC4JXP4o48+On/+/P6+/um7TA8hikjnSu/aWeUwX9Gj1W7n1ZfzqOOcZ3mpxKpKMYZ2ux1DhGDu3Ln3/+n+Lbfccuy4cZMmThxZih+AG8xSCMGSadRUphBDXl5z9uzZixYtWrFi5eabbzZ95+kYXio/37OzbnFeqitVIvrYo48uWLBgcGhoxx133GKLzfORyAMfIEiVhfyotZg74Kq6aNGi+fOfWLFi+eTJU7bbdtvYiPnhI93gneWTzUR1wYIFDz/80LRp0xqNxmabbZZ/lVfXr6oKwH333rdw0cItNt9i+i7TU5UAiKoGAfCms9500cUX5UrV/CfmT5gw4YH7H1i6bOk2W28zbbNpELhBtLNgfv4g5fHHjz326IIFCyaMnzBl6pTe3t6ULATNK57lhdno+YOhQnXKA3JSSnk525RSCMGHr+VuyXWtscGeXIJY8nyZkLJdqUgInQV9JUgeEOzu7p010t09DzkdudyhiIrCkqlqLvpTmRwei2jJUtW5DLC7hxCqsgoxiiJVpiLurkHzson5rDwnVkopr9uYO6jzGOiRq4PkK3cJZE08WF72WDpDwzrr/zvcNag7RNC5DuPwPsph6clzVOTr/pqbqnbK8eF91dkb+Uok1ilBU5VUVVQsmYjkxTeDBofnHT5ST+us9ywjI7HXSCmFIliyzuBsEXc38xA1v9+RzOs8fLjwtspENS/2HEIwc80HKyqAql1BJMaQkoW8iwzuLkHOnHnmJd+5BIBCFy1aNHbcWDOLRbTKIFBVM1PVfJaQX7SqUgzBvPMS5jZySuHwp7gQC21sbP6iOglEgsRGzMmRL5dilsxSqkyD5JXY3TyXZRi+8JQbgmq+2J9GzWvVjqwVbynlskMgbmtNTxke35szoKqqVJmoBA354SGEfFXF/JPYiPkpQ1AJki/fkgu+PI4oX1oqaMghoaohBuQJm0Bu7RGVEIOojlwFxNxzhSAnSm4rk+FHVVVp5rkohCC31+US09xCDJ1v8+VksKaxzszgEFERSWaWzPN0P4GGTpUrPzCEoKJ5gzvzTM0BpMo68fBU547SWbdYgoZ8vaw88TPXEeAQQX5fuWUMQCpTjjHRzutasjwJMSdK2S475wHmOnJdMu1c83Fk9TCD5UvFBA1uyPU/H17HunN9HQBAUM3XnnHuAAAgAElEQVRL2bghL8WfJzzmhfHLdlnPB5fqw+upUN3WamOJMa73q9wanmfI5XN/gcAguZGkc41fqEgnVBydqe/DOusEd6oS65ylrvNy+Wod600qsc6v1vt3JL3yhUwAxBA7dzAACBpgaDQaIz/JG5y/zlurMvKt5o3Pl4jPyw+v9VS6ztPmy+OuvWEYyZU8fgHw4UcNXxMz7zQMzxcBsGbg9ciqm7bmtfKeXI+KYOQqigYRyUcn77q190+jaHQ2eORVho+yjlwS0gB03uzadbj8b96BGlRFO4sjhFCsOV4SRmYjjRzT4evcjOxwiIR1L6BZxILVlOcbhgoRbSA77rjjoS85NNfbOglNLzjsUyGiDSRZChqSpRBDHmexsbeI6sdQIaINZfjS0SPtePTCw456ItpA8spgnYVzeDr7AsWaChER1YY1FSIiqg1DhYiIasNQISKi2jBUiIioNgwVIiKqDUOFiIhqw1AhIqLaMFSIiKg2DBUiIqoNQ4WIiGrDUCEiotowVIiIqDYMFSIiqg1DhYiIasNQISKi2jBUiIioNgwVIiKqDUOFiIhqw1AhIqLaMFSIiKg2DBUiIqoNQ4WIiGrDUCEiotowVIiIqDYMFSIiqg1DhYiIasNQISKi2jBUiIioNgwVIiKqDUOFiIhqw1AhIqLaxI29Ac8LLj7yFQCBA7IxN2gTlY+CdL4aOSiAOA8H0eiwaYeKAQKIuyQHAHEPcEQV+HARRxuMOgCYQCAKhwGSzFQBBOYK0aiwaYfKcDElHtxl6ZKV99z5sCez1BZ1UZZiG5CLQty9TIgxTtti3M67bitqQcVRAsq6I9GosImHinVKK0dwfPPL3511+8OaFG7JExgqG5IDQAihsiRqodn63n98pSpTKATuwkNBNEps2qEyTBwwLF2wPFRdY7rGdRWFNkLlaWNv16ZFJIhI8mrZykWtVstLxO4GkESETZFEo8UmHiprnQA7ArSpjXG94/q6ekpYBdt4G7bJEYiIAJ5QLV26OFUmACogAAwVotGDobKGewkkFYebiCrCxtqsTZDAYaUIENSTFSHCgU7zJAe+E40am3ao+PD4VREIIJVJ5VKZVvC4qe+cDS1BSohABJJcLI/shohAWVkhGi02+XLTAZGcKybuAhc4xMWAcmNv3CbF4CM1EnGoIUd+pzbJrnqiUWGTD5W1OOCCJEgKd54Zb1gOAawT6sjpDgDCOCEaTTbtUOkUV7lDPjeBwUW8Mydy423YJklUcsdWV+wqfRkUGgBzaNrUP6hEowf/VgH48Olx/kYcwlDZ8ETg4uKirgJ3AcTF3d15LIhGC46rISKi2jBUiIioNgwVIiKqzabdpzIyWpXTIIiI6sCaChER1YahQkREtWGoEBFRbTb5UJG1FgCRzrWEBZxPT0T0bGzaoSKOzuXQBQKHwFXdg7syVYiI/nqbdqgQEVGtGCpERFQbhgoREdWGoUJERLVhqBARUW0YKkREVBuGChER1YahQkREtWGoEBFRbRgqRERUG4YKERHVhqFCRES1YagQEVFtGCpERFQbhgoREdWGoUJERLVhqBARUW3ixt6ATY0DvvYVjIf/ffoLTboL4Gtf+tgh3rlq5To/f4rX+zPWflGBGFzW+zUR0V+LobIhuXRCJZPhclwBd7GneyQcovDhmqUYYBADHAjiTx0BDrjok38GKDxAEmDDm+EQjESJ4C/FHBHRU2GobEjia6omMlzbAJD+4gM7xb2sXdIPZ8xfV/o/ZbVG2BBKRLVgqGxgAaggCXC4AgEA4JBqTUg8JQ8QB3JtRgBZ6872VwaLA97Zhs6rY3hLiIj+V3h+ukG5VC7m4p7bwgQO6fz7dI9brybh8PyTfHv67o+RVrXhlrecRlIiN7iJQapn+4aIiNbBUNmQ3Dw5IBLNFVCIG0pH9RcyZfjhI/38Zu7uIg4kEVcVM3N30acKmE6Pi4tAIEFDCCJSulcQFzFHS9fveiEiejbY/LXhOBBikVJKVkmotthqSndPAaA1ZI88NC9I4xk8gQPi7qoBgKN0aZsF0ahB3dySici6D1nn6xhjVXlQjB/b19s78bHZ86ZMm9DVrY89PFDzuyWiTRJDZUOSdtshVWy0X//GU3bcfep9d/2xuzl2222nPT4b3/rqJX/+gb5WKxbgqFIZgoiWokPwpnlQEYi4P7nGs+YnZimharWqnogDDtxvpx13++q/fmfGQftvudXkL3/hMtZViOh/j6GyIal4lxRDR7z0oO6ens9+8rvLlqSovdM2H3vGG49pdkv7aWoLI2OIPahGVdFQubTPfe/fXvT1y5YtbgEiCksmf7aLpdOnUsQC0v6fO387ccLmZun3v7+jb8x+qsHBnhUi+t/i2ekGJEkbyydN6Tn0kL2vvOLqFctXw9VM5jy25DP/9J2hwb8w/3HkWdwhgiq1kw31TdSp0ybtsOOOe+21Z1dXl+pfOKBmXhRFSpUIQlAAIqIqKf3FYc1ERH8ZayobjrhE6enusnlzBh57ZGHQbnGBrARiaoeiiNpIbV990ilH7/fibeH49a0PXvuTnyrk7z/8tst+eMvd990z802v2n76xFt/8aef/+S36Bl8+7tfiy68+pwjV8zFokUDD8/54+r2ys22n3rs0S+/5OJvv/aMU3feZ9o3P3/F7IcWSrH8gg+8u2eCLp/vX/3K98pVoS1lFVrmbZFgLlGDeNXSlfvsP/2U047SLvzhvrnf/8ZPrSrf/YFzbrrhhscffGzm2a92H7zws1dKUnmKdjYiIobKhmXJXv2ak3/477+I2m8VQoiOSlXMHVp1j9G3nX3m4oWLv/YvP/GGv/nskx59ZIc/3D27Emy/85QTT33JfffNvfW2303ZfMsYwxvf9Kb77rlv6hZTP/fJby9blBAE1lYtElYnXX7e+99+x+/u1Htj3zg98rhdX/KSgy+/7PpFC5e8+ND9XvfGE77xlatiYYIgrnC4OOBJ/PTXHLvZ5pt97WuXV7DjTzzkiJftf8v1/5O0dcgR+4w5+sj/uuKqU047orTBAt1/vpGNiDZpDJUNTPv6ulatGlA0oQZISlIUSNZ2s/0O3L/VXvnDS69uD3ZXWv3hngcmjJ9YNBa4Yrsdt/u371718AMLDzhqxynjtayqS775vSqFw47cJ2gvMGSpFESvmirYfLOpF3/rB7NnzzvkJYd7wgEH7vq9S37y4P1PALjyv356/vveakksBXEVV4G6GOBbbD9xtz22/+KF3xg3bouJY/uDdMNjWZqKrBpoffVfvwLEX0/5UwwBlXNtMCJ6SgyVDUnMPEQZWN1qtxGLmFIK2jQbLIpY6aq9993rs5/9ggxMKlRbQ3HlkrKr0dPd0wgFfvJfP5vzyIKIblgEVESRCkkxL9glYmZlkOim8PTgnxY+9tDiIvTd/uvfv+yoA+6/7/FH7l/gVVKFotkICNBCu8WTwAAxAcRffuqhAwN27rnnrFqJh2c/+oNLf7x6kcYQxPXXt85C1SdRbr3hXlhgNYWI/hyGyobkqmV7KMXYaDaRrG1mqj3TNh+//34HXfHTH0IEVU+UZmoPNrS53TZb/+53d65YubQqkUqBxVycVykJkpfWbEIjRCKgfWOaxx1z5JWX/cqtiirqEZUipLFjexbMXwELRYgAGqGxckVS0bI9KDBFAswQIO2uPvnuN39QDoZFCxerhh1231765eE/zS3biKHLk5qbhiK/kY27H4noeYujvzYkT1YtXjpvx52nlWmViIQQIasOOWL6dttvptBCAZQiaEQbP2lo8qTeRx58zCtxh2grqoq4exJJIXoInsohJLiXpisPPXyvyZP7gxRdRV+QEINEDcFDT68CpQYAwbw64w2n/+bXd6RUaigBgQcgQduiVU9vsWD+6hXLLEh/kJ6jX3bYlltMLkJsRLi3QkBQga8aXnGfiOgpsKayQYWgV1x+21ve8aqh1rLHH13ZaBRvOPOEoP2f+/TXQxEbEUccud+s/35ky82mvOr1r/jptb9b+MQqCdYMCN5st1aKIAjEkhhSSgiAo9Ez8KZTT+3p67/kaz8w67MyeBW9gqqn0lcutQNn7HrvPbOq1Dr5lJf3dIVZdzymUiGJAy7BXRRtS4W3w6TJY1tDAxoHznrTmYsWLfvtrx4ExMwUQQFHJR54GkJET4OhsoHpnMeX33rj3X/z2pOkQHsVrrjixgfuny0SxOSyS3/26jOOfulRB7eW48J/+feF81d2xe6urhASoo0NYVWVqp6ucV4WimBauPvKJZj5+rNuuPG3v7/z3tbKMqC1154HjR/bHxCDF0VTrr7ihrPOOfnv3n+WD+I3t/3hB//28/ZQU9VSFaZOnWQC97jl5OnNxqz/+o+b3/6O02PEUBu33Tbr+p/d1ignNotmX1ejEfsAh0dYAeWMFiL6s8TTJtyWoQ6IwwSKhPe9++MLZlebTdy8p9ENF3+aheifLReFVCImoSyrwSJ2Va1uSIIkdVMNSUQkWVVV6GoWDUku5pVXQRqQUFmSZvKyLFKsFAKVImmQoXYpEjVZ1JDCakkNaRdBIwovfQiSkq0SRJHuIvSnSqCroe1kHqW7ahuiNNCVrBrC8qLpyTx5I3pPrEKhuhorCw0xFQ4Xj/6M1r58FkzUTMwrmffE3BWY893LvxKii5tLEi843oxoVGBNZYMSCKDtoVQUPeJNIMZQJGvHEK1qwwqVrpSs0XQkFwjcVKJXhmjJqhhiqoqAKFIh97BXvWXZzit/AWoJ7l2KRoiqKqsHVxdd6qmp3lRFEZtDg+1Go1lZgDVCgCDE0EgJCK4eCx3r7XYMqMokIipuKIMrUl4t34HqGSy2T0SbLobKhuUJjkZRAB5E3QxoKWAVgIYD8FZQpBIBcAOAChaiOqCibqYwAElEkS9DPBQA2PAFJQXBC8ATUjI0Gk1YHnUc4KjaVQxqqVQEIKDKPe4WBGaAILoATVToHU4Ndy3Qhdw377oJ12qJ6BlhtysREdWGoUJERLVhqBARUW0YKkREVBuGChER1YahQkREtWGoEBFRbRgqRERUG4YKERHVhqFCRES1YagQEVFtGCpERFQbhgoREdWGoUJERLVhqBARUW0YKkREVBuGChER1YahQkREtWGoEBFRbRgqRERUG4YKERHVhqFCRES1YagQEVFtGCpERFQbhgoREdWGoUJERLVhqBARUW027VBxwCFP+pkJfONs0KZMAIUroMNfAC7wgPUPERE9f23aoTKCGfI8NHJQnKFCNGowVIiIqDYMFSIiqg1DhYiIasNQWZs4XFTATpaNwcwcCCG02+2NvS1E9CwxVIiIqDYMFSIiqg1DhYiIahM39gZsXA7I8Dw7wBwuZmruKuJua+4o60yVEHa5PCvrTzjxtfZjZ8KpJ5gUCrEggDtEIPAnzVElouenTTdUHO5i4iImgMNFDApEbRRFUVVtWStI1gkYduM/a+vuuLX3MEQkaLJ2WaXYDGmoLeLmFaQwuAp3OtHosOmGyvrFlCAEhViV2mVlun7lxP/sN/SMrVfbWHsPO8zcQ5TkBjXAIKIQc6gGGIhoVNh0QwWA+kg+CBwuDUe1YuXgwKAHVGGtIk+VnU/1M1uTFQZNEjR4WVmr3Q6xAUGqPDTglmTT/qASjSKb8t+qrDdOoW9M71C5aPXqdoxoBJW1mrzWbfxn+/6z5OtW8tatqUgSMS/N3UNCrKq2xSLC4e7CPU40SogntuUAAByrl5cL560UqKNSWbfBZa1Uca5h/GzJemMc1skKcQhgDnXxZg8233ISNN/BuaYk0WixaYeKj1Q68sij4bj4SyUYi7hn5xmsVTB8SASAccg70aizKTd/rU3W+V8sd7hQvRx/NrAFANLw+Il8JyYK0ejDUFmfC/5iccZ5Ks/O09TwHADymLtnVlskouclhspaBABcDGJq4emKQJZ4z8rThbHANMEVMAHWXPyRiEaVTbtP5akM966MmtzIczc7rXWSAMBD53ej5k0AgMNZUyEa7VhTWd9IN/GoIW2IGYJ3BlCJOtQdboABxcbevmdqOMhH1c4nonUxVEY9R55v7oACKhDvVLWUfd1EtIExVEY98SiS59FocFFHJ2U4TZOINjiGyqinLupSqcChlkfkOsSGlwxgZYWINhyGyqjnbl/5xreu/sXNQRqNJEhlJUkaYahdRZVvfPGzU6ZOGRl3IFzwhIieSwyVUa+V/K6H5o/Z4eB2nOTobobQow4bmijtay+7eMHCBd3d3T29PXDEYtR02hPRKMVQGfWiSzP2pKpXigmCRulSusfQV7ZXVNo7d+68Mf1jkqX+/jHuzpoKET2n2OA+6lWprJJBomuRBBUshTDkkoqiZdXixYsWLV5UlqWbMVGI6LnGmsoLgInAkplVyVXEFWqeRFMIPjAw0G63y3YJDF+dl4joOcOayqinESp52awkAlGHWwTUTZFExJI53N2da/YT0XOMoUJERLVhqBARUW0YKkREVBuGChER1YahQkREtWGoEBFRbRgqRERUG4bKCwrnoRDRxsVQGfWGL8mFaHCBOJLABOJPe014IqLnAEPlBYvrsRDRhsdQISKi2jBUiIioNgwVIiKqDUOFiIhqw1AhIqLaMFSIiKg2DBUiIqoNQ4WIiGrDUCEiotowVIiIqDYMFSIiqg1DhYiIasNQISKi2jBUiIioNgwVIiKqDUOFiIhqw1AhIqLaMFSIiKg2DBUiIqoNQ4WIiGrDUCEiotowVIiIqDYMFSIiqg1DhYiIasNQISKi2jBUiIioNgwVIiKqDUOFiIhqw1AhIqLaMFSIiKg2DBUiIqoNQ4WIiGrDUCEiotowVIiIqDYMFSIiqg1DhYiIasNQISKi2jBUiIioNgwVIiKqDUOFiIhqw1AhIqLaMFSIiKg2DBUiIqoNQ4WIiGrDUCEiotowVIiIqDYMFSIiqg1DhYiIasNQISKi2jBUiIioNgwVIiKqDUOFiIhqw1AhIqLaMFSIiKg2DJUXDh/+QgABXDbmxhDRpomhMuoJIA4HkkIdLlDv/IS5QkQbGEOFiIhqw1AhIqLaMFSIiKg2DBUiIqoNQ4WIiGrDUCEiotowVIiIqDYMFSIiqk3c2BtAfwUTc/E8d16g6gIX8QAEQNQ9wcRjMIh7gKoVhmCijuBQnkMQ0XONpcyo4eIubnADPC/F4pLXZrE1k+ddPKhDYICJm7qLQ9wBd7ivebqN8iaI6AWONZVRIFdMch1FIICKy3CNBQ6YuhkEAoi4uxiQTCtoFdyjuyBBEkRdVFyZKET0HGFNZTQQJIHBvPOdwCHDweAiDs11FwEcDuTfi3uAB4OaqImYiMvwcmDOygoR1Y+hMjoMR4Dl1FizUKS01TyYqgtgLu4CQNVjSA3xRhKtNCSJCYUhrBVGRET1Y6iMGgIFROBBXBUQd6kg5t6KUikqwIqiAEQg6iLJeooYoxdqjSDqHhxe5n4VhxjzhYhqx1AZHQQQF3VVB1C5lyaWIIMlXGWwvdrcVNQNbg43aGXSXrl6CdJQgdJbA4WVESgCVDq5A3BlfCKqGTvqRwOHAuIiCACAJKLJxUUhwWNXCj3QrmRiYiLq8KSWYKlRtKRroBSEhqrCDSp5oJgJxJkqRFQzhsooIIC4D48aVsCT+ac+84X7H1rY0zOlkuo39zy63d7TIxriJjCHVRApulLPhO9e8avxY+6YOKbZQOudb3vz7rtMF4miMQ8jIyKql3hiw/qoYMhDgQVQtMtywaKVJ54886CDj17UkqGuqdI7TSJU20WIqUrSbAyloTS4vFmu8qElc++/Y+ZrXvGak4/rLmKIXUVoaABYUyGiurFPZbTQHCcQuCOoTps05nsXfep3v77UG1KMnaANuLpr4SgKdMVBNMpGT89UbfQ99tADB+2x80G7T1/yxBNLVqwe8mC61sxJIqL6MFRGIXd3iMp22237ne9c8ti9t7SXPpgsmXQVpl6llvsgLIkFW/3I72/YfkrP4Qftv2rZUmtXXpqYizgkcaIKEdWOoTL6SJBYhBBDEYupU6d+8TP/cN9vru62JUFSiSjqpQ9KE12xevD26/fYsueVR84oUPZ0dff3jenv7ettxiDizkQhovoxVEYfSw6gbJUQ9PT0bL/F1G98+sO///n3dOXDLkOVt2NodWHFfb+6eo8pjZfOeNG4njBl0oRxEyb0jxnb39cXQx73pRB2qRBRzdhRPwoJ3F1E3FxEUlmtWLF81p8efOfff3qb/V/RGDOlSCse/v2tW/bIqS87tH+MTp02beKkqePGj+/r6282GhoUPnw6wYNPRLViqIx+grLdXjW0+rF5i06Zef7eh59873/fuP/241/24n0mTpzY1987ZbPNJ0+e0tffVxQx5trJ8CJiRET1YqiMeo7ksKoqV68c/J8773/P+z967BGHHLzv9L6+YsykKWMnbTl50qT+/r4YgTx8zIeXEmPbJxHVjaEy6pkiWVlo0R4qV6xYveCxRwcHBobKVnd/d9/YvgmTt+zv62mEmHvmVdYaSMyaChHVjaEy6pXiXlWNokCJttvQ4OoVy1a0htpFUfSP7esZ29sMgmRwgRYATIA8S38jbzgRvQAxVEY9E4dDIXC4oKoqM4NDIKISGkHzJR+HV5BkfwoRPXcYKi80tu4EFOW4YSLagLig5AuNhnVTxDbSdhDRJokDgIiIqDasqbzgsDmTiDYehsoLDkOFiDYeNn8REVFtGCpERFQbhgoREdVmE+9TWbv/oTMxUJ7qd7RhrDsa2h2AQPxJv6FRyX29w8gLWm8Mnb8nf66msG3aoWJrfagFgLhArLPYorAWtwH5yH9rfyUwGV4Ek+XPqLPOOZpD3Ib/qPIqQbL2GZwnXjeudhLCOt+7YWRNDQHWD/l6bNqhsiY2BBD4uq2B/IxvQJ0KiXW+GS6N3LF2rtDoJfBOpHQO5dr/ApDA07j6rfdX4wo856dnm26oOGBqgIiLjHzQba1f0wZkgkogAepQhwAOcUDhDgPCX34Ker6Rdb7OJw2dn438fY18oayL1i//8awhG2Ifb7qhsqadJa8GL+uttmgwrnCy4Sg0igKu6Cx/KdI5IMbxJKPPcPfJcMN9Epis1bz5pKWyjSdyzwGTtVqUh4M739SfqzO1TTlUAEC9064o5nCgMlgFdZjzxGnDEoUAFdwBRVEYIDG6mygPxKjhnTqJ51xRKFwgSEAbKKXz55aLOV33gVQ7W6uVMZdoOUgi0HzOqv+bbqjI8GUQO7FiuP/227/1iX+sWqugZgZhk8sGpQYkawVHaHbv/pKXnHX++ZZcQgCqjb1t9Izl6shIrrgLIgRtw2/ve+DC713qQKvdgruGkH+dS70IYbdZ7RI6e9gBF3TFhpdVQ8PEsePf/trT99l6s+fiRTfdUAGGx9blEV+W/vNb3xizanU3qhgdbuosyzYgD5Ii3B0YSu17broV/+c8LSQBytav0WOtUeBusCA6cu3qb//7Dxc2xocQvQdA7s0EgFzqBYNwaEzdBOICFxgAwZBLA9qubPnq8tbf/4GhUjPvDKgTA0RMJEVr91RD24zvaUZ3D26sqWw4BjGRhhSWfN6KwSWpjVQiNYKOnPzSaOEQy2PzRQSp084yCBlq9E+btlmjq1GmBOQ/vOFOFnfWVGoXXUxgw62OERrNMVTOnf2oha7n6kWfo+cdFXKuJLiLFWpoCNSAsmhENyCxKX/DSSKVeKGqlUc1EcAdCuTOe6bKKJTbv8Qtt232jxlrrUL+f3v3HmXZVdcJ/Pv77X3OubceXdWP6nRe5CkkAfIgCSQSngJhIKCB0UHFzKAuUEfHB+KM4nLNoKPEUSDgqKCILuWlTEQBH+ERA3lAEkIaIeTZSZrOu99ddevec/b+feePc6u7qkFAvZ103/p9Vla6qquqb917z9nfs/dvn71Dp1NNhZwyacMprkuzxr2KOWohUwSyFCoK0URTbZKaHapXezWHiggDhAVFGWCGHCE0iZYKXerDu8dHBAqJzNaANZEsQ4FAyFLX3R0JlCCUAjIECAkJkg0SsLBntwapyjBgzgqQBlIUFIURoF86jJoqKGzH+Ns6ci446A1CRcqhGt5fzaECQEAq2/6hClQglAAWAqP6lOLHjxDRpKEuTeUWCIhMBBXx1uaIMbwMUADKFdcDCiprEeZh6bgt6BMi7QzkQ7ZuyOrVFlQobbIAAiNNjZKAfIge1EugzjnnRsZDxTnn3Mh4qDjnnBsZD5VlCIioKrxm+EQjCYGImC+P7twRxUPFOefcyHioOOecGxkPFeeccyPjoeKcc25kPFScc86NjIeKc865kfFQcc45NzIeKs4550bGQ8U559zIeKg455wbGQ8V55xzI+Oh4pxzbmQ8VJxzzo2Mh4pzzrmR8VBxzjk3Mh4qzjnnRsZDxTnn3Mh4qDjnnBsZDxXnnHMj46HinHNuZDxUnHPOjYyHinPOuZHxUHHOOTcyHirOOedGxkPFOefcyHioOOecGxkPFeeccyPjoXK4kJX/uUNCAAVBAEYzEoCZrdJXfPhqwLhaXwF3CMQn+hdwS0SWn9ckn7DfZIwJcrIQFYRQJAgIjQqAXHXtqhlFAIgGBQA/4twoeE/FrS4hKoCccxviKaW2MV1tiQJARWik2RP9i7ix4qHiVhnCkoUYcs79xb6I5JxX7UU6SWtDZbW+Am7kPFTcamLIOWtUGq+++uorr/xrkiQtr9Kiwh+/9723br61HtQ55Sf6d3Fjwmsqh4ugsWmymXVCQMq9qe7ac8+74GWXYMN6FDp/x53XvPs9E/PzSItmVhSlmGUri1AnLVIWyVnMYmyCVaJhAQkFi9QEmbI8X5QTvV6/rMomN5TYsN9NZQjSGEOsJJlZ6hfsaJFUwFwak4zFqIgiJcQIIDEnQRk0LA7sn67/8m9e/p7nPvP0wStTUYTMXKlCAbC9aM8J4zcktrJsBxi+eNsd73rvlcxW1fwAABzxSURBVO/9g3c+5eRjZ2cmYaAk0QgZ/75LMkKoyrWwHzr33N+/cbOUInUstFT2O3nn61900ds+c5Ox1BgWmyaGjpLQTBai2ZipamUT6jpbQGNlVRrFGkmxijpAABpRKiQDUBoRKON2UH0jD5XDRZ2NEBVtEPqxPONVF59wxlnX/tVfpfmeFOHsFzz35T/5hn98+xVdVkJjEkQx5qbOKlKE2ADQQDABVtfa1p4FZGOChk0IARlFKOucYWWjgYAEmKWoImVRKphNUgoynB81BixTVSxTFYIIYwKv+cLm//v+q4497VkL9c4dexeqqpqY6AohxP7Jd0HHsFU9qEETRTExe+ZFr/j13/uL17/25Rec/dTZbsWKmi0GHfvGTwUZJhK0rk+YLiKRs5jljLrMi//5xS8oU31UifPPPe+TN9xQF8FomZJVOiKSsoK1GZqgFokk3YnGTMgYS1hiKMF+EGlPpSIHaMoIT/STfjx4qBwuFKRkwmopTn71pSc87eS/f+e7isf2FTUZ9Gt7d6456WRJDZJQYpKsGRTmGEsILEHDYk4pBGpQgTKLCGIhsNqi5BwRc2M0YUCUIIVk0tjEQntNQuhYr6nKWCiyJUSFjUOrokEsQaOAwUyU+OT1N//6O95/7NOev/PRrz+y9cEP/81nOt3O2rUzMQZZ1lOJjMJxeAWWs2VTCgU2Uaa77t9ezh0/e8Iz3voHH/iln/zBC59+2pruZBiLPuq3FQSiwTIEoTtVTIDzyVQlSH+ui5PWVn/y6a9u6HaO31gVIRQSmtwgamESgwokWw4SJDPkiAJCDZB2MLXIA5VuCgJkihBRLQJNXh3VBg+Vw4UwJ+uHItTWHH3xCz7ypjdN7doTclKNDblv24M7tz3czTVCpxb0xLTooKpQShrU5fxiaBJDbrrTdTURIXW9r7Cm7NXdGPrr1mLX7mQysX5WlAvzu6fyQBvFRLFPFd1uCJUkFPWCAkYTFZBjMvhjUCGYIQHAVdd++S3v+ssTz3phj93pjSfsmt991efvBqiqEIJtb4UAYGN4UUlb3vmyTqxt4pgwtX7eOsee8bz//tZ3/+YbX3/+M07YNDMXgiCMxQHwLxMjs8VY5qbeW+Ock4+74b5tSVH0F179khffufXRW/f1Turv/chfXzXQCdGiK4tToV/WDCKLuT+fWUSZxuJeTDVWrektdCYmdkNNIMCmNHjErIkCUAiKyKppbFfL8zz8ZSFikKBVJAa1NDmE0qLsk6bRjmm3Xuh1pib6i8m0e/Izzj/rNZfu3Ndf6O89/pgnXX/Fu/LWe1Vw/sXfe9RzL9z5wCPrNs0OHv76Z674wypOv/Itv/UX/+vNr/2ZN+5NqRNTvf2xG97xLqXu1viKn3ujTW9Y2D2/7ri5O/70A1tvvCmkNFHFuhmgKJ/ol2QUkkEIMwg/8ekb/vQjtx77tJfWpZQUtTXrv+vCpmliVBHJtqJrJnHsryppHEyHWCcURTVg8ZSLXvW77/vYTyxe8LLnPHfd7MyYRwoQNKhoZs6xuH/n4omz8fpghD79uGM2Tek7PnUHyuo5Z5y5btOmP/rUDSxD3Lv3Jy6+aDKGhb3z0xuP/svrbn9k++6ffeGzf/WqWyHdH37WaY/Mz//NbfebxhiqX3zFs978/z7TxI7QhJLV1CKQx3BQ9Rt4qBwuAkrJAaRWVbfpn/W6y7Zvfej0k06amOrqmjWLlkJnZsuVf7PthusnT37SWf/lNV+68sNbP3+LScjPvVAHu1PGmf/h0uqC82545zseu++e8oSTXvrjr9870e3seBS5eu2v/NrXPvrXW264Js+ufeUvv03xtjxRXfqLv7Ltni1fvPKKOqWnvfI/Hn3Bhdu+9M8V6jparWUYj4NfM7SAhX+87tbL/+Tvjnnyi/vlNG0hNgyiWSFVkQFANejyvpmtgslQFrtA6BRJYVlCHdYd+10v/rMPfnIqdy767rNn18+GGFQUAhmPbutKjRHMhtwP8cYtWy87/6T333L7lNmzn3rB1V+48xErQq++4957zlszWeXeTNaf//5LNt++7R++elsKne8/B6fNrdn96GMz1QS5WMbB8dOnnjh77NX/fM924NTJqswoY1hgoTSCWU049pcpQx4qhwuDhljAGub08Tf/0rMvedWWm2645qq/U0Gd+rnS7olnXPKjP/KFL13zupd/z5bPX7ft+ms1Y7KOt3/8n4KKrl+36UXPvvE9f75wxwMTKS8+9Bh27m5CmYouNs7u+MRVW679bKdpjIAOirraffoZUs186rqbL/mxn5w74Wj061uvvDJLry7IBMlAHId2xFjA8rU3ffFX3/r7J5x7aR0i0vxEMZFLS1aLtneSCyBLc4oFbSklpHF4/t8Kow2yhkZDoAXLJSrrTM2ceu7/fPvv/c7Mz597zpnT09NaKMmDp42NBw0QMJsBW3c82tWnTCM884Rjpqb12ru3hmqKzIQMdCJa98yjNnUH6bbbbv7h5333pmM2Dvr4uxtv29Ms7iZO2XTMnj33TayfarYvrsv1jmwXP/OUr+yc7zVZ1CgwEUAoeWzmv3xrHiqHC0Om5aCUxDWUL1x5ZTTrGIXsSk5FFUKEFFZNysyG69/9vqMaZGihcR9zR+JEZ8Lq+YU7NheqMlU+ykVMFkh1Fmt2PvTpD31obdOTIs7XA9TzTcwvf+1lsPqyl7zws5/4+15e7PX7cc/utUppTC2IxAZjca0uoOiTT3vy9EylqINJDHHQXwzdEkLkBgCggIioYGm1EkFDjvdIhYAd0QapMVomTVQyuWuwuC+GaMa9e/eWZRljHM9EARSayRhjPaj3WN62Y/6lzzjr1JnJW76ydb6YUInGFHMsU5ys+88675Q9IZ/5wpf8w8032833Ngu9XWwYuWPv4onTE8duePJXHtyRtu987tmn7/ry104/fuPlf3uDFRVAihCiFMo4H07LeagcLpSmoinlFMIx51/49S9cExFjiCqoqXtEzr/wWXs3fwVNDZWiobCk1HskP/+yH9lz9/3btt7/2O49lgc1VMnZ409B2Z2sayXNbCKUQep9Ulx62Y9/9dOfzkUMc7NX/u+3dh56uJMtAad/zws2xc7mv/9YJBhQN7WGcahUa0TOeW7t7B+/8/KffuPla9adJWuPYQEwiTVBEyCAgQqhwIDhIFhAHu9WQIiGOZOKYEBSlpp7j9wx/9A9b/jxHwwRg8GgSY3RYojjGa+NhahAjkqV7k3btr30vNNUccMn7uDU+qRJUAvUJEX2BfjDv/rYdlQ9LbspvOzs0/fkxWu/eufDvcXjp4tzjzvht6+6+sS59Redetx/ev5Fd2x94IFBY1pSaQKlSLu23FgfUft5qBwugkhqEkVyFc567Q9s3fLl+V2LBQtExdzsq37oB5rOxD/+ztu7AYhazm3s79qVBFOnfNfas8+668ZbUq6709O9mXVcGBSz3Wd/z8UP/vNtU02iBZO4N6MOnac//0XYeNzDf/YXlIAicrHOyXpRdf3s015+8e1//lHkIFo2SCjGZfyXKagQeNK6Ne9725vf8NO/EZDj+qOSBja9wfx2MwIiENEgy1aINqZxbABWPKesRKhiNSdlzKwHex7d9/XNP3TJ82Ymg6pguDLYOL4MQyYUkkGDWtyWwkzE9Xc+0i9KkZy0LnMCmhzRkKWiyjEULCSdNDd11hmb/vZzX2pQ3LNz9w889bgFRU+qzXdvfck5Z55e4YOffTgXhVigkjAhBSJUw6pYtdRD5XCRLWlU1VgTex6+6xU//6Zdd90vA84efxxO3HTjRz/+6PWfmUz1oA62a+HSn/vZh265ZdOGdfLUp1z37t9fuO9umVm7ZtOG57zux9J9j254zlkL99z+pY9/dCJzEMvu9OTzf/A1R23cEGbXf+ztb1+3Y/eeWOd7H/y+1/zI7m0PzBw3F08/8ZoPfWDwxS9NGjNUNQo5JjdpJECCCCzZZMnf+LX/+jP/4/+sLy/oTayp9z78hY++b3p6OoQACGkrxnnGsTFdufQ1F/u7cnfmBS95QyFTi3u3brnps79w2cvWT+rE5Oy6tRvXrFkzOTUJgRl1HEfAWCQDQAmMAO59uF8KvnzX3bnUxhYQRbR70iknVWXVxKld+/iyZz79EVTr52ZOne1+6NqvbX54IXZnb/nqljece/KH79yxfSFPVWt2ZUwIvvbYzhhm8wAKZcimjeaoVMp4dvkO4qFyuIgIbEyDdam3XPH+ubPOkHVr+nWK2+7b8jtfnFlcqApQMCP5k3/ynmPOObcO1YPbHuh/4uN7vr6lyuD2nZ//rSsmnnqKNvmxD3/knpu/OKEmTFqnfr/Zuuex7Q/eu/crW9Y+tCOngQR+6u1XbDzvTK3KRzZv2/uxT+zbct+0IQsBKMUE41JRUCihUiBGTB93tF7+Gz/1K5f/UTX3tO5g/nnnnPzqV79agKIoIOO/MsnySVwUWMQffuAfcm8Ri7t7D23+6cu+tzulkzNrjj/6mLmjNkyvmex0OzSO5dQvAIQCELbdUyKnj2y+45E0GCBoLApEYdr8yKPas8fK8MHPfe7MJ21MGTt3PnDN9h337ppHOZlqsjPzoZu+eu0921WqXs4f/OR1p8xNLUBNJASx4XiXEkjj0vn/tjxUDhcm0KA5J4YY5he23XgLB00ZSxjWNakockKsm4yQ6p0Pbfvs52KaDCnFslekhkGVdf/uexa2bu01g45hUixbzpH9XHd6gwevum6yntfclFGgMiOFze/a8bnr+4TQymyTGYOSAKORgCnieNxWrcMmUQJEMBPCaSfO/sFvv+m//eLvdosAbTohTU5OrV+3TlWX91TimPTUVlj+BAn21TZMhLD48OKeB1/3fS+YrHRievqY447fsHbd9PRkURbg0o+MZdpSl9/hS6s/defDNWIKBSHSoJDi9u27Fh+bR9W5L/UfuX+bNEE1MEkTyirGlDGw8JktDzKuEZMc9YF+/7GtDw06XaYU2Y4hars0Q1Ybk2n6346HyuEiCy1qKEvSmtyEJlcQW+xJEbWURDMmMJXJuqGQxrINRM3qOhQhpVzFmNnEfjOrmmEAYggWUAhTSuVCv4s0YNOIFDHUYqx7kzah2SwqaVQRQgEhxqqgKGJAJgQWJEmB6YkpAm97y5t+9Mded/KJG6ampufm5jbMzXU6HdXhxaQAOuZ1elBgVXdtafdvueXNv/wL9eJjk52JDXNz69fNzq5dU3U6BM0o4zr3CyBkqRNGACFKXc4O6kE7FzBDgpIy0UFBqkEGaVBIaCzGIEFplqKqhrJGV6lFRJOyhWKBE2RRhhiD1rkBRHjgYcb1xVzOQ+VwoSKkGQEzBUHLQqnENCVSKYVAYxBEUHNOIjAwi9BYSLDUIGqOwpwBgmAWZhpzrIBIJCm1AAxmIiKqDesQRMUQhWQkhSIQEOM29iswZKCJUNGJ6Y4cOyfvftdv33XXHRvXrZ+emFi/ZmZycnJF+zmWZ/+yd5UiNcNP/ehrj9547O69uxbruW41Nbd+/ezMdDXRwXBciBiu2DOOL4cIh/OyYMIG1gxUpRKa1bkMsbaaCAFUIUwFBUXUYtYGRsIyGsKSSEHWkqEgVXQSqaHkjIzhAqUqhI5LmfLb8lA5bNAEgGWVduNwCEgaDRQ1CcmMIiYKajRRZgBZVUEBKWq0RIR2kxxRQAJlw4ajkAemmSKgEiJkYZalNMkUI4d3/1FAgZJCKNs7tsaEgIAQISOGoEpUZXHC8cesWzM1GAy63e5U1SlDWN7mpjBmuXowAUrwnLPPGvRqKaTTDCa6U5OTU7Eoh8+cY5olS4ilqb5CAykoUzTNBIKKWEYQQBMMoCiEwcRUaECQAKppIkwQQDXQYIL2FA3t6bn8HFIOz+qx56FyuGA78kqYQAkKYhZAsgCKNLyDaukQXjpGAzlc4h4AtV1ypG0TBKBgft/C+970S0e3t/INuyIiVhNRQQP2Xz5lGXZQ2h8clzV6TUCFGJSorA3biFLKEGIRy5xzjKGoSuiKQqoKxuQF+BcIWCBb0eVkd01RTXDQ7VRlUSkFeXXs3idku9ojYAITKZHRzgJku1q1Ll3rMRACZBFqJkSpAAxiakoQQkQiCyhIS907SDuezKXT6gl+wo8TD5XDiLXDvIAStYIBANp+Qw6sMjTDVAAS1gSaoMxiYu36ulkVS1dDwUxBg0jfTq26UKtZlwghh0bjfFkXSRRiw94JlGg35RIiK7NIHI8zQNjuDqPtU9wfrCqxUGin/SZTUVlxXS7jfk0pECjFIAFlKSWlUFPQKEFWSROYAUAEFAImWseEtrQOMUCoFAuEkIEMhFKymolQqFS1YKKEtUt7CZWSsiZQBKoGbXdqHvcLlIN4qBwuhNR2CJvahLauoUq0Vb5uA0FOAYQqBWI5JEKRI0CTdmQMAlXCYClQadEYJDR1TyQG4QADjZ2QAoCkDFC0cQIQ1rYiFAo4ZtNUZPgc2xW+lqYiCGPRfr3txq18zuPfCggQKNCIEFVRiAnacl4Y22nEy1HY3pa4f47goBioFTGrEoVJsNiEJoV2zJhGEqhDLvNwveHCYiAgqV8w5iJmpbIOtUkQK0pqMACWhVmwOnp/gIfK4eTAMacGgeyvmLetXbvioaDttotYFEjStpOuIPYngQ4vjTQLrU0JGCBBIpAZesHQdtJxYL6oHPhgnG77PbA0rEhbaVp+bn+LC8jxitVvjhC0mxFGaf8c9lFkNcxT0rbXD7THRjQjK6EIaEILAtQijEu3wQpEYGVWJQGYGMNw7biYKTBTEhJyFYa9HzYBS5c0q4iHyuFjxRTWA1Md5aC/258BArTbM37jIbv/O5dXRpb+UvLyWw/4DT81Xr7FkxrL5/uvs3QpId/kOBt3B3pjMvzf/tXph+XNb1ZZVx74qf2rDrf/FIf7Uev+quZ43Ov1r7VaemTOOeceBx4qzjnnRsZDxTnn3Mh4qDjnnBsZDxXnnHMj46HinHNuZDxUnHPOjYyHinPOuZHxUHHOOTcyHirOOedGxkPFOefcyHioOOecGxkPFeeccyPjoeKcc25kPFScc86NjIeKc865kfFQcc45NzK+86O0GyS2W5iD7RZ4tjq2kz2sEJLBdoNXgygg2L+JnnPuCOE9leXkoH1V3eOIy9J9OX87nDuSeKg455wbGQ8V55xzI+Oh4pxzbmQ8VNxhQswMEJH2A+fcEclDxTnn3Mh4qDjnnBsZDxXnnHMjs7pvfhQQJEQogBJiQsJE23vu/A6Jx1P7ihMARACBASZ+1XOEGZ40XPbJ8GMhlQBAAXngO4Sk+E2uhwSX7rtr7yoWQNuWjoewdVvdoYI2VBSEQGGaCZCibbx4qDyuSAMMIqIqEBiRTFX9htQjDQ+EimRImxgiQDBQhhHCNlEMApqQUM+VQ2F/sJtABGpQgx7K1m1Vh8qBY5+AiVKUQRnAsHTMu8eNUQCIEkIKDMiQDBBUiL8XRzwCFJgcOO8IiIBUay+p6f3SEePwtGo/hgEq7bsghy7CV3WoHFiVRQChiTSqAw1FiDGnQJ/Y+vghBCwEoU0RQiFtH4U+MjIeKEiiWXS4wBsO9Fcw/MzPuBGjqNCWXx6bwESyiB2y67RVHSoKACokSNCipTI33ZQnVAgz8UP8cUQ1UaUCBAIRIAEIPpdknJiYgGrDcWfK8KousB0W88uHERNCQCHb4RiV4d8c0gVzV2+oCNreIABACc2N1GXJzFo0pJS5bMiFfrQfAsvHtIQIgIDZGERoBgooUF8w+gimEsCsGgh0up3ImFJdxsqaBCYJAgYlTbJIOJTF49VKqDQdhoqKZDFTAZEP3Xm1ekMFAPb3CwVQWkAv1U0xvS/VQXR5p5GeKoeArKiUEJYhbMg+MkIBIYKA3lc5orF9m0kszM9zoqp7i4V0opFAypkgTUQMyE/0rzqGKEKSw7K8SohCFhoLDZYP1UjM6g4VgWB/YEs2SdSH9i6UJJOJHmjMPFQOheWhIhBAawMUCyI5KEJATlAA6lsSHKEICtRIEUmp0dzM73i0t2NPQSGsn2qKqgmQg/pkjNFLEgQW2qFGaJONsMCmQK6KcIgedFWHisn+i2AB4gsuvuTjd9/TUGgmUKQD3yl+wB8Cy6M6QAoWdRDS+sxHnfoUaIQZVJJaYPDx9iNTu+WdCPDSF73wI5+7up5fRNJIUYWKEaoUQaYF+OyvUQvBhBZoQgBaQhKbThkVzanHrj9EDyrMq/tkZQYCBVkhROjtxUQng2g0cFnieqgcCiv7f6aSIoqchTnFsjZ0AtQsqYZ2+y53ZFhqw6hQMDemsS/SA2YwX6MMLEsCQCO0tpZC0jf5PAQIUTAQwmERmQKzQaEWJMKKQ/Ggqz5UluY0Lt2sRQCU4XvgHmdLE0zJdjyMkGU3A7sjxf675ds9uts2jYDCCJGllRMOvKl+V9ihsaJ1ay19Lods0RAPFeeccyPjg5jOOedGxkPFOefcyHioOOecGxkPFeecc6NhNC/UO+ecGxH1nopzzrnR8VBxzjk3IvRQcc4592+mANAuWwnAsnmoOOec+3dQQGS4SYv4HfXOOef+PQQQWGZO6d777vVQcc45929kNAA0ppxzSlzlS98755z79zCj5dykJmcDWZal11Scc859x2RYnM+WIVCRJjV1Xbe1+rquvafinHPuX4OAIkgYDAYppaZugOEuFSFGr6k455z7TnFpl5wmNYuLizmbtHvjtjvneE3FOefcd44EmQeDejDoAxJCAEAzMwsairL0UHHOOfcdI+u6qesBCMJIERECQUN3olvEwoe/nHPOfRPD3YiXbTpc1/XCwkLOVsTI9j56YwihKIqiLEKIZtlDxTnn3DdB0mgkY4wAer3eYDAQ0Xa4S1UtWyxiVVVVVYFoUgPfo94559xBjKaqEIAgmXNeXFysB7WIiAhJUQkhdDvdEEPOOWcTQdCQLXtNxTnn3Art6pAAzCw1qT8Y5JxDDCRAqmpRFN1uV4OmlMzMbHhfPUEPFeeccyuICIiU0uJiv67rqiyhWje1iHQ73U6nIyIp52z5wPcDoppT48Nfzjm32rUjWpZNo7YF+t5Cr64bLK1pD6Aoi26nq6oiki1btpyzcbg8cUs1eKg455wb1k4I5JyaujGa2TAdVKTT7VRllc3MMgijmRmNy+eGAYgh+vCXc86tegISRluYXyAoEAhSk6pOtWZmDQDLNhgMmpRiCO2UMBAEVVYsINkfDLyn4pxzq13TNP1+v0kNICRjDDHEqqpCjO2KLGamotlyW5Pfr62m7Eejh4pzzo0ztjUPDgNg+CmknTDcrl2/2O83Ta2qRSxijFWnIwoaU5OyZTOKgKSqAjAzWRr22l9xGfKdH51zbswt9SXaCcFYWv/RsvV6vf6g3y63UhZFt9stylJVrO2SDCvxFsKBQkl7G/3yTw96MA8V55wbZ8Z2ihZDEQBYZl0P6rrJKRFU1U6nW1UlIGY5p2w0y0s1ehCAatj/r3HZfDAAywMGACBeqHfOuXHWjlm1XZPBYDDoD1LOQbXqVN1OV4LQ2M4PzpaHVRIZ1t+lHe/Ky7omKzsnB3dUaN5Tcc65MSXtRGHLOZPW6y2GEMqyKMtSVQVCMluu65qEtmNiRpAa2q4J2wwhlscIln+6PG/aR/RQcc65w1o74iQqbUocNOHqYLK0vLAgNandnDHGWJVVbPc6MbSdkpwzieW3Lu7/J5Y6I9z/Cyz7ZVZ0Tw6aDAZfUNI55w5zBEWFmRARBQ5uxpcRgEg55ZxBmFlRFrGIIHLKokob1uC/oTSyIghWjnAdFCptiWbZl5d/4lOKnXPuMNcON5lRVYbjVMu+tKL9N2tr7yJiZu0SXkbLKZuZqNDaPVCsXW/4wA8eNMS1MmOMB31tWcbYylAB/j960e24+zTSuAAAAABJRU5ErkJggg==" style="width:540px;height:452px;margin-top:0px;margin-bottom:0px;margin-left:0px;margin-right:0px;border:0px solid black;" vspace="0" width="540" /></p>\n\n<p dir="rtl">موفق باشید...</p>\n<style type="text/css">.code{\n;background-color:#757575;border-radius:2px;box-shadow:0 0 4px #CCC;padding:5px;font-weight:bold;color:white;direction:ltr;text-align:left;\n}\n.code p{\ndirection:ltr !important;\n}\n</style>\n', 0, 3, '2016-08-06 07:47:08', NULL),
(31, 11, NULL, 'ساخت اولین پروژه با AngularJs', '<p dir="rtl"><strong>ساخت اولین پروژه با انگولار</strong></p>\n\n<p dir="rtl">ابتدا ساختار را تعیین می کنیم</p>\n\n<p>Angular/</p>\n\n<p>Angular/js/فایل های جاوا اسکریپت در این قسمت قرار می گیرند</p>\n\n<p>Angular/css/فایل سی اس اس در این قسمت قرار می گیرند</p>\n\n<p dir="rtl">ابن اموزش بر اساس ورژن ۱.۲.۶ انگولار&nbsp;نوشته شده است پس این ورژن را به همراه angular-route دانلود نمائید و در پوشه js قرار دهید.شما می توانید از <a href="http://angularjs.org">اینجا</a> یا ازسایت های فارسی این کتابخانه ها را دانلود نمائید.</p>\n\n<p dir="rtl">سپس اولین صفحه خود را تعریف نمائید .</p>\n\n<div class="code">&lt;html ng-app="myApp"&gt;<br />\n&nbsp; &nbsp; &lt;head&gt;<br />\n&nbsp; &nbsp; &nbsp; &nbsp; &lt;meta charset="UTF-8"&gt;<br />\n&nbsp; &nbsp; &nbsp; &nbsp; &lt;title&gt;&lt;/title&gt;<br />\n&nbsp; &nbsp; &lt;/head&gt;<br />\n&nbsp; &nbsp; &lt;body ng-controller="myController"&gt;<br />\n&nbsp; &nbsp; &nbsp; &nbsp;&nbsp;<br />\n&nbsp; &nbsp; &nbsp; &nbsp; &lt;h1&gt;<br />\n&nbsp; &nbsp; &nbsp; &nbsp; &nbsp; &nbsp; {{helloMessage}}<br />\n&nbsp; &nbsp; &nbsp; &nbsp; &lt;/h1&gt;<br />\n&nbsp; &nbsp; &nbsp; &nbsp; &lt;script src="js/angular.min.js" type="text/javascript"&gt;&lt;/script&gt;<br />\n&nbsp; &nbsp; &nbsp; &nbsp; &lt;script src="js/angular-route.min.js"&gt;&lt;/script&gt;<br />\n&nbsp; &nbsp; &nbsp; &nbsp; &lt;script src="js/controller.js"&gt;&lt;/script&gt; //کنترلر های ما در این فایل قرار می گیرد<br />\n&nbsp; &nbsp; &nbsp; &nbsp; &lt;script src="js/directive.js"&gt;&lt;/script&gt; // دایرکتیوهای ما در این فایل قرار می گیرد<br />\n&nbsp; &nbsp; &lt;/body&gt;<br />\n&lt;/html&gt;</div>\n\n<p dir="rtl">&nbsp;</p>\n<style type="text/css">.code{\n;background-color:#757575;border-radius:2px;box-shadow:0 0 4px #CCC;padding:5px;font-weight:bold;color:white;direction:ltr;text-align:left;\n}\n.code p{\ndirection:ltr !important;\n}\n</style>\n', 0, 3, '2016-08-06 07:58:16', '2016-08-09 07:18:29'),
(32, 11, NULL, 'ساخت اولین کنترلر', '<p dir="rtl"><strong>ساخت اولین کنترلر</strong></p>\n\n<p dir="rtl">ابتدا یک صفحه html به همراه لینک کنترلرها ایجاد می نمائیم :</p>\n\n<div class="code">&lt;html ng-app="myApp"&gt; //نام اپلیکیشنی که به این قسمت اشاره می کند می باشد<br />\n&nbsp; &nbsp; &lt;head&gt;<br />\n&nbsp; &nbsp; &nbsp; &nbsp; &lt;meta charset="UTF-8"&gt;<br />\n&nbsp; &nbsp; &nbsp; &nbsp; &lt;title&gt;&lt;/title&gt;<br />\n&nbsp; &nbsp; &lt;/head&gt;<br />\n&nbsp; &nbsp; &lt;body ng-controller="myController"&gt; // نام کنترلر ما<br />\n&nbsp; &nbsp; &nbsp; &nbsp;&nbsp;<br />\n&nbsp; &nbsp; &nbsp; &nbsp; &lt;h1&gt;<br />\n&nbsp; &nbsp; &nbsp; &nbsp; &nbsp; &nbsp; {{helloMessage}} // متنی که می خواهیم در خروجی نمایش دهیم<br />\n&nbsp; &nbsp; &nbsp; &nbsp; &lt;/h1&gt;<br />\n&nbsp; &nbsp; &nbsp; &nbsp;&nbsp;<br />\n&nbsp; &nbsp; &nbsp; &nbsp; &lt;script src="js/angular.min.js" type="text/javascript"&gt;&lt;/script&gt;<br />\n&nbsp; &nbsp; &nbsp; &nbsp; &lt;script src="js/angular-route.min.js"&gt;&lt;/script&gt;<br />\n&nbsp; &nbsp; &nbsp; &nbsp; &lt;script src="js/controller.js"&gt;&lt;/script&gt;<br />\n&nbsp; &nbsp; &lt;/body&gt;<br />\n&lt;/html&gt;</div>\n\n<p dir="rtl">حالا فایل کنترلر خود را می سازیم :</p>\n\n<div class="code">angular.module(''myApp'',[])&nbsp;<br />\n&nbsp; &nbsp; &nbsp; &nbsp; .controller(''myController'',function($scope){&nbsp;<br />\n&nbsp; &nbsp;$scope.helloMessage = "Hello World"; &nbsp;<br />\n});</div>\n\n<p dir="rtl">خط اول&nbsp; به نام اپلیکیشن که در بالای صفحه html مشخص کردیم اشاره می کند .</p>\n\n<p dir="rtl">خط دوم&nbsp;ابتدا نام کنترلر و بعد از آن توابع آنگولاری که می خواهیم از آن ها استفاده کنیم را در ورودی تابع قرار می دهیم .</p>\n\n<p dir="rtl">خط سوم پارامتر اول به محدوده دسترسی این کنترلر اشاره می کند و پارامتر دوم نام متغیر می باشد .</p>\n\n<p dir="rtl">خروجی :&nbsp;</p>\n\n<div class="code">\n<h1>Hello World</h1>\n</div>\n\n<p dir="rtl">&nbsp;</p>\n<style type="text/css">.code{\n;background-color:#757575;border-radius:2px;box-shadow:0 0 4px #CCC;padding:5px;font-weight:bold;color:white;direction:ltr;text-align:left;\n}\n.code p{\ndirection:ltr !important;\n}\n</style>\n', 0, 4, '2016-08-09 07:28:55', NULL),
(33, 11, NULL, 'ساخت یک دایرکتیو با AngularJs', '<p dir="rtl">ساخت یک دایرکتیو با AngularJs</p>\n\n<p dir="rtl">ابتدا فایل html خود را می سازیم :</p>\n\n<div class="code">&lt;html ng-app="myApp"&gt;<br />\n&nbsp; &nbsp; &lt;head&gt;<br />\n&nbsp; &nbsp; &nbsp; &nbsp; &lt;meta charset="UTF-8"&gt;<br />\n&nbsp; &nbsp; &nbsp; &nbsp; &lt;title&gt;&lt;/title&gt;<br />\n&nbsp; &nbsp; &lt;/head&gt;<br />\n&nbsp; &nbsp; &lt;body ng-controller="myController"&gt;<br />\n&nbsp; &nbsp; &nbsp; &nbsp;&nbsp;<br />\n&nbsp; &nbsp; &nbsp; &nbsp; &lt;h1 hello&gt;&lt;/h1&gt;<br />\n&nbsp; &nbsp; &nbsp; &nbsp;&nbsp;<br />\n&nbsp; &nbsp; &nbsp; &nbsp; &lt;script src="js/angular.min.js" type="text/javascript"&gt;&lt;/script&gt;<br />\n&nbsp; &nbsp; &nbsp; &nbsp; &lt;script src="js/angular-route.min.js"&gt;&lt;/script&gt;<br />\n&nbsp; &nbsp; &nbsp; &nbsp; &lt;script src="js/directive.js"&gt;&lt;/script&gt;<br />\n&nbsp; &nbsp; &lt;/body&gt;<br />\n&lt;/html&gt;</div>\n\n<p dir="rtl">سپس فایل دایرکتیو به شکل زیر درست می کنیم :</p>\n\n<div class="code">angular.module(''myApp'',[]).directive(''hello'',function(){<br />\n&nbsp; &nbsp; return {<br />\n&nbsp; &nbsp; &nbsp; &nbsp; ''restrict'' :''A'',<br />\n&nbsp; &nbsp; &nbsp; &nbsp; ''template'':''&lt;h1&gt;hello world&lt;h1&gt;''<br />\n&nbsp; &nbsp; }&nbsp;<br />\n});<br />\n&nbsp;</div>\n\n<p dir="rtl">خط اول به نام اپلیکیشن ما و توابع انگولار اشاره می کند.</p>\n\n<p dir="rtl">در داخل تابع ما به تگ h1 یک خروجی تولید می کنیم .</p>\n\n<p dir="rtl">خروجی :‌</p>\n\n<div class="code">\n<h1>hello world</h1>\n</div>\n\n<p dir="rtl">&nbsp;</p>\n<style type="text/css">.code{\n;background-color:#757575;border-radius:2px;box-shadow:0 0 4px #CCC;padding:5px;font-weight:bold;color:white;direction:ltr;text-align:left;\n}\n.code p{\ndirection:ltr !important;\n}\n</style>\n', 1, 2, '2016-08-09 07:39:19', NULL),
(34, 13, NULL, 'آشنایی با سرولت ها', '<p dir="rtl">آشنایی با سرولت در جاوا</p>\n\n<p dir="rtl">در جاوا برای کار با وب تکنولوژی های زیادی بوجود آمده است که سریعترین و اولین آن ها سرولت نام دارد.به طور کلی سرولت ها در خواست ها را در یافت و پردازش و پاسخ آن ها را ارسال می کنند.</p>\n\n<p dir="rtl">ساختار کلی سرولت ها به صورت زیر می باشد:</p>\n\n<div class="code">import java.servlet.annotation.WebServlet; // حاشیه نویسی که توسط جاوا اجرا می شود\n<p>import java.servlet.http.HttpServlet; // کلاس سرولت&nbsp;</p>\n\n<p>import java.servlet.http.HttpServletResponse; // کلاس پاسخ های سرولت</p>\n\n<p>import java.servlet.http.HttpServletRequest; // کلاس درخواست های ارسال شده به سرولت</p>\n\n<p>@WebServlet(urlPatterns = "/test") // توسط جاوا اجرا می شود و مسیر این سرولت را مشخص می کند</p>\n\n<p>public class Test extends HttpServlet{ // یک سرولت با نام تست</p>\n\n<p>&nbsp;</p>\n\n<p>&nbsp; &nbsp; &nbsp;protected void doGet(HttpServletRequest request,HttpServletResponse response){ // تمام در خواست های ارسال شده به روش گت &nbsp;وارد این متد می شوند</p>\n\n<p>&nbsp; &nbsp; &nbsp;// دستورات</p>\n\n<p>&nbsp; &nbsp; &nbsp;}</p>\n\n<p>&nbsp; &nbsp; &nbsp;protected void doPost(HttpServletRequest request,HttpServletResponse response){ // تمام درخواست های ارسال شده به روش پست وارد این متد می شوند</p>\n\n<p>&nbsp; &nbsp; &nbsp;// دستورات</p>\n\n<p>&nbsp; &nbsp; }</p>\n\n<p>&nbsp; &nbsp; &nbsp;protected void doPut(HttpServletRequest request,HttpServletResponse response){ // تمام درخواست های ارسال شده به روش پوت وارد این متد می شوند</p>\n\n<p>&nbsp; &nbsp; &nbsp;// دستورات</p>\n\n<p>&nbsp; &nbsp; }</p>\n\n<p>&nbsp; &nbsp; &nbsp;protected void doDelete(HttpServletRequest request,HttpServletResponse response){ // تمام درخواست های ارسال شده به روش دیلیت وارد این متد می شوند</p>\n\n<p>&nbsp; &nbsp; &nbsp;// دستورات</p>\n\n<p>&nbsp; &nbsp; }</p>\n\n<p>}</p>\n</div>\n\n<p dir="rtl">&nbsp;</p>\n\n<p dir="rtl">یه طور کلی ساختار سرولت ها به صورت بالا می باشد.</p>\n<style type="text/css">.code{\n;background-color:#757575;border-radius:2px;box-shadow:0 0 4px #CCC;padding:5px;font-weight:bold;color:white;direction:ltr;text-align:left;\n}\n.code p{\ndirection:ltr !important;\n}\n</style>\n', 0, 1, '2016-08-11 18:42:51', NULL),
(35, 13, NULL, 'دریافت مقدار و پردازش آن توسط سرولت', '<p dir="rtl">نحوه دریافت مقدار توسط سرولت و &nbsp;پردازش آن ها&nbsp;</p>\n\n<p dir="rtl">ابتدا یک سرولت می سازیم :</p>\n\n<p dir="rtl">&nbsp;</p>\n\n<div class="code">\n<p>import java.servlet.annotation.WebServlet; // حاشیه نویسی که توسط جاوا اجرا می شود<br />\nimport java.servlet.http.HttpServlet; // کلاس سرولت&nbsp;</p>\n\n<p>import java.servlet.http.HttpServletResponse; // کلاس پاسخ های سرولت</p>\n\n<p>import java.servlet.http.HttpServletRequest; // کلاس درخواست های ارسال شده به سرولت</p>\n\n<p>@WebServlet(urlPatterns = "/test") // توسط جاوا اجرا می شود و مسیر این سرولت را مشخص می کند</p>\n\n<p>public class Test extends HttpServlet{ // یک سرولت با نام تست</p>\n\n<p>&nbsp;</p>\n\n<p>&nbsp; &nbsp; &nbsp;protected void doGet(HttpServletRequest request,HttpServletResponse response){ // تمام در خواست های ارسال شده به روش گت &nbsp;وارد این متد می شوند</p>\n\n<p>&nbsp; &nbsp; &nbsp;// دستورات</p>\n\n<p>&nbsp; &nbsp; &nbsp;}</p>\n\n<p>&nbsp; &nbsp; &nbsp;protected void doPost(HttpServletRequest request,HttpServletResponse response){ // تمام درخواست های ارسال شده به روش پست وارد این متد می شوند</p>\n\n<p>&nbsp; &nbsp; &nbsp;// دستورات</p>\n\n<p>&nbsp; &nbsp; }</p>\n\n<p>}</p>\n</div>\n\n<p dir="rtl">سپس مقدار های ارسال شده به روش post را دریافت می کنیم :</p>\n\n<p dir="rtl">&nbsp;</p>\n\n<div class="code">\n<div>\n<p>protected void doPost(HttpServletRequest request,HttpServletResponse response){</p>\n\n<p>&nbsp; &nbsp; &nbsp;String name = request.getParameter(نام پارامتر ارسال شده);</p>\n\n<p>&nbsp; &nbsp; &nbsp;response.getWriter().println(متنی که میخواهیم در خروجی نمایش دهیم);</p>\n\n<p>&nbsp; &nbsp; }</p>\n<style type="text/css">.code{\n;background-color:#757575;border-radius:2px;box-shadow:0 0 4px #CCC;padding:5px;font-weight:bold;color:white;direction:ltr;text-align:left;\n}\n.code p{\ndirection:ltr !important;\n}\n</style>\n</div>\n</div>\n\n<p dir="rtl">&nbsp;موفق باشید...</p>\n', 0, 2, '2016-08-11 18:53:13', NULL),
(36, 14, NULL, 'آشنایی با jsp', '<p dir="rtl">آشنایی با jsp&nbsp;</p>\n\n<p dir="rtl">jsp مخفف java server page می باشد و همان طور که از نام آن مشخص است ترکیب کدهای جاوا با html می باشد.درون فایل های jsp شما به دستورات جاوا دسترسی دارید و می توانید از آن ها استفاده نمائید.</p>\n\n<p dir="rtl">به طور کلی دستوراتی جاوا ٪&gt; شروع و با &lt;٪ &nbsp;پایان می یابد و درون آن ها دستورات جاوا قرار می گیرند.</p>\n<style type="text/css">.code{\n;background-color:#757575;border-radius:2px;box-shadow:0 0 4px #CCC;padding:5px;font-weight:bold;color:white;direction:ltr;text-align:left;\n}\n.code p{\ndirection:ltr !important;\n}\n</style>\n', 1, 1, '2016-08-11 19:03:52', NULL),
(37, 15, NULL, 'استفاده از Runnable توسط lmbda', '<p dir="rtl">آموزش استفاده از متد های Runnable</p>\n\n<p dir="rtl">در حالت عادی استفاده از Runnable به صورت زیر می باشد :</p>\n\n<div class="code">\n<p>Runnable r = new Runnable(){&nbsp;</p>\n\n<p>&nbsp; &nbsp;@Override</p>\n\n<p>&nbsp; &nbsp;public void run(){ // دستورات</p>\n\n<p>&nbsp; &nbsp; &nbsp; &nbsp; int i = 1;</p>\n\n<p>&nbsp; &nbsp; &nbsp; &nbsp; while(i++ &lt; 100){</p>\n\n<p>&nbsp; &nbsp; &nbsp; &nbsp; System.out.println(i);</p>\n\n<p>&nbsp; &nbsp; }</p>\n\n<p>&nbsp; &nbsp;};</p>\n\n<p>&nbsp; &nbsp;r.run();</p>\n</div>\n\n<p dir="rtl">حال توسط Lambda به شکل زیر تعریف و استفاده می شود :</p>\n\n<div class="code">\n<p>Runnable r = () -&gt; {</p>\n\n<p>&nbsp; int i = 1;</p>\n\n<p>&nbsp; while(i++ &lt; 100){</p>\n\n<p>&nbsp; &nbsp; &nbsp; &nbsp;System.out.println(i);</p>\n\n<p>&nbsp; }</p>\n\n<p>};</p>\n\n<p>r.run();</p>\n</div>\n\n<p dir="rtl">متد های بالا دقیقا یک کار را انجام می دهند.</p>\n\n<p dir="rtl">موفق باشید...</p>\n<style type="text/css">.code{\n;background-color:#757575;border-radius:2px;box-shadow:0 0 4px #CCC;padding:5px;font-weight:bold;color:white;direction:ltr;text-align:left;\n}\n.code p{\ndirection:ltr !important;\n}\n</style>\n', 0, 1, '2016-08-12 08:21:42', NULL),
(38, 15, NULL, 'استفاده از BinaryOperator توسط Lambda', '<p dir="rtl">استفاده از BinaryOperator توسط Lambda</p>\n\n<p dir="rtl">در حالت عادی BinaryOperator به صورت زیر می باشد :</p>\n\n<p dir="rtl">&nbsp;</p>\n\n<div class="code">\n<p>BinaryOperator&lt;Integer&gt; r = new BinaryOperator&lt;Integer&gt;(){</p>\n\n<p>@Override</p>\n\n<p>public Integer apply(Integer t,Integer u){</p>\n\n<p>return t + u;</p>\n\n<p>}</p>\n\n<p>};</p>\n\n<p>System.out.println(r.apply(12,14)); // 26</p>\n</div>\n\n<p dir="rtl">به صورت Lambda به شکل زیر می باشد :</p>\n\n<div class="code">\n<p>BinaryOperator r = (t , u) -&gt; t + u;</p>\n\n<p>System.out.println(r.apply(12,14)); // 26</p>\n</div>\n\n<p dir="rtl">حالت ساده تر آن به شکل زیر است :</p>\n\n<div class="code">\n<p>BinaryOperator r = Integer::sum;</p>\n\n<p>System.out.println(r.apply(12,14)); // 26</p>\n\n<p>BinaryOperator r = Integer::max;</p>\n\n<p>System.out.println(r.apply(12,14)); // 14</p>\n</div>\n\n<p dir="rtl">&nbsp;</p>\n<style type="text/css">.code{\n;background-color:#757575;border-radius:2px;box-shadow:0 0 4px #CCC;padding:5px;font-weight:bold;color:white;direction:ltr;text-align:left;\n}\n.code p{\ndirection:ltr !important;\n}\n</style>\n', 0, 2, '2016-08-12 08:36:00', NULL);
INSERT INTO `content` (`id`, `ctg_id`, `user_id`, `title`, `content`, `visit`, `order_list`, `created_at`, `updated_at`) VALUES
(39, 16, NULL, 'آشنایی با فریمورک phalcon', '<p dir="rtl">آشنایی با فریمورک phalcon</p>\n\n<p dir="rtl">فریمورک phalcon به عنوان سریعترین فریمورک php شناخته شده است. و دلیل سرعت آن هم استفاده از اکستنشن های ربان c می باشد. به طور کلی فریمورک phalcon حالت یک وب سرور برای خود ایجاد و همیشه در حال اجرا می باشد.به همین دلیل سرعت پاسخگویی بسیار بالایی را دارا می باشد. این فریمورک بر پایه مدل mvc می باشد.</p>\n\n<p dir="rtl"><strong>ویژگی های فریمورک phalcon</strong></p>\n\n<ol dir="rtl">\n	<li>پشتیبانی کامل از مدل mvc</li>\n</ol>\n\n<p dir="rtl">&nbsp; &nbsp; &nbsp; &nbsp; &nbsp;-تک ماژول&nbsp;</p>\n\n<p dir="rtl">&nbsp; &nbsp; &nbsp; &nbsp; &nbsp;-چند ماژل</p>\n\n<p dir="rtl">&nbsp; &nbsp; &nbsp; &nbsp; &nbsp;- اپلیکیشن های کوچک</p>\n\n<p dir="rtl">&nbsp; &nbsp; 2 . پشتیبانی از مدل های دیتابیس (ORM)</p>\n\n<p dir="rtl">&nbsp; &nbsp; &nbsp; &nbsp;- Transaction - &nbsp; &nbsp; &nbsp; &nbsp; &nbsp; &nbsp; &nbsp; &nbsp; &nbsp; &nbsp; &nbsp; &nbsp; &nbsp; &nbsp; &nbsp; &nbsp; &nbsp; &nbsp; &nbsp; &nbsp; &nbsp;&nbsp;Behaviors</p>\n\n<p dir="rtl">&nbsp; &nbsp; &nbsp; - Relation &nbsp; &nbsp; &nbsp; &nbsp; &nbsp; &nbsp; &nbsp; &nbsp; &nbsp; &nbsp; &nbsp; &nbsp; &nbsp; &nbsp; &nbsp; &nbsp; &nbsp; &nbsp; &nbsp; &nbsp; &nbsp; &nbsp; &nbsp; &nbsp;</p>\n\n<p dir="rtl">&nbsp; &nbsp; &nbsp; - Events</p>\n\n<p dir="rtl">&nbsp; &nbsp; &nbsp; - Hydration</p>\n\n<p dir="rtl">&nbsp; &nbsp; &nbsp; - Profiling</p>\n\n<p dir="rtl">&nbsp; &nbsp; &nbsp; - PHQL</p>\n\n<p dir="rtl">&nbsp; &nbsp; &nbsp; - Validations</p>\n\n<p dir="rtl">&nbsp; &nbsp; &nbsp; - Logging</p>\n\n<p dir="rtl">&nbsp; &nbsp; &nbsp;- Sharding</p>\n', 1, 1, '2016-08-14 07:19:11', '2016-08-14 07:35:13'),
(40, 17, NULL, 'آشنایی با Generic ها', '<p dir="rtl">آشنایی با Generic ها در جاوا</p>\n\n<p dir="rtl">در جاوا در بعضی قسمت ها ما نیاز به یک کلاس داریم که بتواند جنس های مختلفی از مقدارها یا کلاس ها را دریافت نماید.در این مواقع از Generic ها استفاده می کنیم.</p>\n\n<p dir="rtl">مثال :&nbsp;</p>\n\n<p dir="rtl">ابتدا یک کلاس Generic ایجاد می نمائیم :</p>\n\n<div class="code">\n<p>class Stash&lt;T&gt; {<br />\n&nbsp;private T x;</p>\n\n<p>&nbsp;public void set(T x){<br />\n&nbsp; &nbsp; &nbsp;this.x = x ;&nbsp;&nbsp; &nbsp;<br />\n&nbsp;}<br />\n&nbsp;public T get(){<br />\n&nbsp; return x;<br />\n&nbsp;}<br />\n}</p>\n</div>\n\n<p dir="rtl">در کلاس بالا علامت &lt;&gt; دلیل بر Generic بودن این کلاس می باشد.حال نوعی که درون این &lt;&gt; قرار می گیرد جنس ورودی می باشد که می تواند نوع خاصی مثل یک کلاس یا جنس متغیر باشد. در اینجا ما از T استفاده کرده ایم.که نشان می دهد ورودی هر چیزی می تواند باشد.</p>\n\n<p dir="rtl">حال از آن استفاده می نمائیم:</p>\n\n<div class="code">\n<p>public class StashOne{</p>\n\n<p>&nbsp; &nbsp;public static void main(String[] args){<br />\n&nbsp; &nbsp; &nbsp; Stash&lt;String&gt; stash = new Stash&lt;&gt;();<br />\n&nbsp; &nbsp; &nbsp; stash.set("Hello World");<br />\n&nbsp; &nbsp; &nbsp; String str = (String)stash.get();<br />\n&nbsp; &nbsp; &nbsp; System.out.println(str);&nbsp;&nbsp; &nbsp;<br />\n&nbsp; &nbsp;}</p>\n\n<p>}<br />\n&nbsp;</p>\n</div>\n\n<p dir="rtl">همانطور که مشاهده می کنید ما یک نوع از کلاس جنریک خود ساخته ایم و به آن ورودی رشته را داده ایم.حال توسط یک متغیر از جنس رشته این مقدار را دریافت و در خروجی چاپ نموده ایم.</p>\n<style type="text/css">.code{\n;background-color:#757575;border-radius:2px;box-shadow:0 0 4px #CCC;padding:5px;font-weight:bold;color:white;direction:ltr;text-align:left;\n}\n.code p{\ndirection:ltr !important;\n}\n</style>\n', 0, 1, '2016-08-19 09:47:07', NULL),
(41, 17, NULL, 'استفاده از Generic ها', '<p dir="rtl">استفاده از Generic ها&nbsp;</p>\n\n<p dir="rtl">در مثال قبل با جنریک ها و نحوه تعریف آن ها آشنا شدید در این قسمت چند مثال از نحوه تعریف کردن آن ها به روش های مختلف می زنیم .</p>\n\n<p dir="rtl">می توانیم نوع ورودی جنریک ها را مشخص نمائیم :</p>\n\n<div class="code">\n<p>class Stash&lt;String&gt; {<br />\n&nbsp;private String x;</p>\n\n<p>&nbsp;public void set(String x){<br />\n&nbsp; &nbsp; &nbsp;this.x = x ;&nbsp;&nbsp; &nbsp;<br />\n&nbsp;}<br />\n&nbsp;public String get(){<br />\n&nbsp; return x;<br />\n&nbsp;}<br />\n}</p>\n</div>\n\n<p dir="rtl">در کلاس بالا به جای رشته هر چیز دیگری می تواند باشد از جمله کلاس یا نوع های دیگر.</p>\n\n<p dir="rtl">می توانیم تعیین کنیم که از کلاس خاصی ارث بری داشته باشد:</p>\n\n<div class="code">\n<p>class Stash&lt;T extends Number&gt; {<br />\n&nbsp;private T x;</p>\n\n<p>&nbsp;public void set(T x){<br />\n&nbsp; &nbsp; &nbsp;this.x = x ;&nbsp;&nbsp; &nbsp;<br />\n&nbsp;}<br />\n&nbsp;public T get(){<br />\n&nbsp; return x;<br />\n&nbsp;}<br />\n}</p>\n</div>\n\n<p dir="rtl">در کلاس بالا تعیین کردیم مقدار رودی باید از جنس عددی باشد مثل Integer یا Double.</p>\n\n<p dir="rtl">می توانیم از چند جنریک باهم استفاده نمائیم:</p>\n\n<div class="code">\n<p>class Test&lt;T,U&gt;{<br />\n&nbsp; public T left;<br />\n&nbsp; public U right;<br />\n&nbsp; public void set(T t,U u){<br />\n&nbsp; &nbsp; this.left = t;<br />\n&nbsp; &nbsp; this.right = u;<br />\n&nbsp; }<br />\n&nbsp;&nbsp;<br />\n&nbsp; public T getLeft(){<br />\n&nbsp; &nbsp; return this.left;<br />\n&nbsp; }</p>\n\n<p>&nbsp; public U getRight(){<br />\n&nbsp; &nbsp; return this.right;<br />\n&nbsp; }<br />\n}<br />\n&nbsp;</p>\n\n<p>class Stash&lt;T&gt; {<br />\n&nbsp; &nbsp;private T x;</p>\n\n<p>&nbsp; &nbsp;public void set(T x){<br />\n&nbsp; &nbsp; &nbsp; &nbsp;this.x = x ;&nbsp;&nbsp; &nbsp;<br />\n&nbsp; &nbsp;}<br />\n&nbsp; &nbsp;public T get(){<br />\n&nbsp; &nbsp; &nbsp; return x;<br />\n&nbsp; &nbsp;}<br />\n}</p>\n</div>\n\n<p dir="rtl">حال با یک کلاس از آن ها استفاده می نمائيم‌:</p>\n\n<div class="code">\n<p>public class StashOne{</p>\n\n<p>&nbsp; &nbsp;public static void main(String[] args){<br />\n&nbsp; &nbsp; Test&lt;Integer,Integer&gt; test = new Test&lt;&gt;();<br />\n&nbsp; &nbsp; test.set(15,17);&nbsp;&nbsp; &nbsp;<br />\n&nbsp; &nbsp; Stash&lt;Test&gt; s = new Stash&lt;&gt;();<br />\n&nbsp; &nbsp; s.set(test);<br />\n&nbsp; &nbsp; System.out.println("Left is : "+s.get().getLeft()+"\\nright is : "+s.get().getRight());&nbsp;&nbsp; &nbsp;<br />\n&nbsp; &nbsp;}</p>\n\n<p>}</p>\n</div>\n\n<p dir="rtl">خروجی به شکل زیر خواهد بود :</p>\n\n<div class="code">Left is : 15<br />\nright is : 17</div>\n\n<p dir="rtl">موفق باشید ...</p>\n<style type="text/css">.code{\n;background-color:#757575;border-radius:2px;box-shadow:0 0 4px #CCC;padding:5px;font-weight:bold;color:white;direction:ltr;text-align:left;\n}\n.code p{\ndirection:ltr !important;\n}\n</style>\n', 8, 2, '2016-08-19 12:52:07', NULL),
(42, 18, NULL, 'آشنایی با Collection ها در جاوا', '<p dir="rtl">آشنایی با collection ها</p>\n\n<p dir="rtl">در جاوا کتابخانه های کمکی بسیار زیادی برای کمک کردن به برنامه نویسان ایجاد شده است.از جمله این کتابخانه ها می توان به صف ها یا همان Collection ها اشاره نمود.به طور کلی ساختار صف ها به گونه ای است که اطلاعات را درون خانه های خود و پشت سر هم ذخیره می کنند و به شما دسترسی های بسیار زیادی از جمله مرتب کردن و جستجو و .. را می دهند .</p>\n\n<p dir="rtl">متد هایی کمکی آن ها به شرح زیر می باشد :</p>\n\n<ul>\n	<li>sort</li>\n	<li>Add</li>\n	<li>Delete</li>\n	<li>Search</li>\n	<li>Reverse</li>\n	<li>Copy</li>\n	<li>Fill</li>\n	<li>Swap</li>\n	<li>Shuffle</li>\n</ul>\n\n<p dir="rtl">&nbsp;و ... .</p>\n\n<p dir="rtl">حال به تعریف و استفاده از آن ها می پردازیم :&nbsp;</p>\n\n<p dir="rtl">&nbsp;</p>\n\n<div class="code">\n<p>import java.util.HashSet;</p>\n\n<p>public class CollectionOne{</p>\n\n<p>&nbsp; public static void main(String[] args){<br />\n&nbsp; &nbsp; new CollectionOne();<br />\n&nbsp; }</p>\n\n<p>&nbsp; public CollectionOne(){<br />\n&nbsp; &nbsp; &nbsp; HashSet&lt;String&gt; v = new HashSet&lt;String&gt;();<br />\n&nbsp; &nbsp; &nbsp; v.add("One");<br />\n&nbsp; &nbsp; &nbsp; v.add("Tow");<br />\n&nbsp; &nbsp; &nbsp; v.add("Three");<br />\n&nbsp; &nbsp; &nbsp; v.add("Four");&nbsp;&nbsp; &nbsp; &nbsp;&nbsp; &nbsp;<br />\n&nbsp; &nbsp; &nbsp; for(String s : v){<br />\n&nbsp; &nbsp; &nbsp; &nbsp; System.out.println(s);<br />\n&nbsp; &nbsp; &nbsp; }&nbsp;&nbsp; &nbsp;<br />\n&nbsp; }&nbsp;&nbsp; &nbsp;</p>\n\n<p>}</p>\n</div>\n\n<p dir="rtl">در کلاس بالا از کلاس HashSet استفاده کرده ایم . داده ها را در خروجی چاپ کرده ایم.</p>\n\n<p dir="rtl">حا اگر بخواهیم بررسی کنیم مقداری خاص در این صف را به روش زیر عمل می کنیم:</p>\n\n<div class="code">\n<p>import java.util.HashSet;</p>\n\n<p>public class CollectionOne{</p>\n\n<p>&nbsp; public static void main(String[] args){<br />\n&nbsp; &nbsp; new CollectionOne();<br />\n&nbsp; }</p>\n\n<p>&nbsp; public CollectionOne(){<br />\n&nbsp; &nbsp; &nbsp; HashSet&lt;String&gt; v = new HashSet&lt;String&gt;();<br />\n&nbsp; &nbsp; &nbsp; v.add("One");<br />\n&nbsp; &nbsp; &nbsp; v.add("Tow");<br />\n&nbsp; &nbsp; &nbsp; v.add("Three");<br />\n&nbsp; &nbsp; &nbsp; v.add("Four");&nbsp;&nbsp; &nbsp; &nbsp;&nbsp; &nbsp;&nbsp;&nbsp; &nbsp;<br />\n&nbsp; &nbsp; &nbsp; if(v.contains("One")){<br />\n&nbsp; &nbsp; &nbsp; &nbsp;System.out.println("exists");&nbsp;&nbsp; &nbsp;<br />\n&nbsp; &nbsp; &nbsp; }&nbsp;&nbsp; &nbsp;<br />\n&nbsp; }&nbsp;&nbsp; &nbsp;<br />\n}</p>\n</div>\n\n<p dir="rtl">در مثال بالا بررسی می کنیم که مقدار One درون این صف وجود دارد یا خیر. اگر وجود داشت خروجی exists را چاپ می نماید.</p>\n\n<p dir="rtl">استفاده از LinkedHashSet</p>\n\n<div class="code">\n<p>import java.util.LinkedHashSet;</p>\n\n<p>public class CollectionOne{</p>\n\n<p>&nbsp; public static void main(String[] args){<br />\n&nbsp; &nbsp; new CollectionOne();<br />\n&nbsp; }</p>\n\n<p>&nbsp; public CollectionOne(){<br />\n&nbsp; &nbsp; &nbsp; LinkedHashSet&lt;String&gt; v = new LinkedHashSet&lt;String&gt;();<br />\n&nbsp; &nbsp; &nbsp; v.add("One");<br />\n&nbsp; &nbsp; &nbsp; v.add("Tow");<br />\n&nbsp; &nbsp; &nbsp; v.add("Three");<br />\n&nbsp; &nbsp; &nbsp; v.add("Four");&nbsp;&nbsp; &nbsp; &nbsp;&nbsp; &nbsp;&nbsp;&nbsp; &nbsp;<br />\n&nbsp; &nbsp; &nbsp; if(v.contains("One")){<br />\n&nbsp; &nbsp; &nbsp; &nbsp;System.out.println("exists");&nbsp;&nbsp; &nbsp;<br />\n&nbsp; &nbsp; &nbsp; }&nbsp;&nbsp; &nbsp;<br />\n&nbsp; }&nbsp;&nbsp; &nbsp;<br />\n}</p>\n</div>\n\n<p dir="rtl">مثل مثال قبلی عمل می کند فقط در نحوه ذخیره سازی اطلاعات فرق می کند.</p>\n\n<p dir="rtl">استفاده از TreeSet</p>\n\n<div class="code">\n<p>import java.util.TreeSet;</p>\n\n<p>public class CollectionOne{</p>\n\n<p>&nbsp; public static void main(String[] args){<br />\n&nbsp; &nbsp; new CollectionOne();<br />\n&nbsp; }</p>\n\n<p>&nbsp; public CollectionOne(){<br />\n&nbsp; &nbsp; &nbsp; TreeSet&lt;String&gt; v = new TreeSet&lt;String&gt;();<br />\n&nbsp; &nbsp; &nbsp; v.add("One");<br />\n&nbsp; &nbsp; &nbsp; v.add("Tow");<br />\n&nbsp; &nbsp; &nbsp; v.add("Three");<br />\n&nbsp; &nbsp; &nbsp; v.add("Four");&nbsp;&nbsp; &nbsp; &nbsp;&nbsp; &nbsp;&nbsp;&nbsp; &nbsp;<br />\n&nbsp; &nbsp; &nbsp; if(v.contains("One")){<br />\n&nbsp; &nbsp; &nbsp; &nbsp;System.out.println("exists");&nbsp;&nbsp; &nbsp;<br />\n&nbsp; &nbsp; &nbsp; }&nbsp;&nbsp; &nbsp;<br />\n&nbsp; }&nbsp;&nbsp; &nbsp;<br />\n}</p>\n</div>\n\n<p dir="rtl">دقیقا مثل دو مثال قبلی کار میکند فقط در ذخیره سازی اطلاعات فرق می کند.</p>\n<style type="text/css">.code{\n;background-color:#757575;border-radius:2px;box-shadow:0 0 4px #CCC;padding:5px;font-weight:bold;color:white;direction:ltr;text-align:left;\n}\n.code p{\ndirection:ltr !important;\n}\n</style>\n', 0, 1, '2016-08-19 14:34:26', NULL),
(43, 19, NULL, 'HAL در لینوکس', '<p dir="rtl">در&nbsp;&nbsp;لینوکس برای سخت افزار مثل ویندوز معمولا &nbsp;نیازی نیست&nbsp; که سی دی آن سخت افزار را گذاشته و درایور آن را نصب کنیم.</p>\n\n<p dir="rtl">از لینوکس انتظار می که تمام سخت افزار ها را پشتیبانی و در هسته خود سیستم عامل درایور آن موجود باشد.&nbsp;به عنوان مثال زمانی که شما یک کارت شبکه را به آن اضافه می کنید لینوکس باید آن را بشناسد و احتیاجی به نصب آن سخت افزار نداریم.</p>\n\n<p dir="rtl">HAl مخفف Hardware Application Layer می باشد و به معنای لایه تجرید پذیر یا مجرد می باشد که مفهوم آن این است که زمانی که شما یک کارت شبکه به سیستم اضافه می کنیم یا وصل می کنیم احتیاجی نیست که نام آن به عنوان مثال eth0-gigabyte-2009 باشد ما یک نام کلی داریم که این کارت شبکه زیر شاخه آن قرار می گیرد و در تمام سیستم ها با هرنوع کارت شبکه نام آن در دسته بندی wlan0 قرار می گیرد و برای هر سیستمی نیاز نیست کانفیگ متفاوتی انجام دهید.به طور کلی &nbsp;HAL یک نام مخفف برای هر سخت افزاری که شما وصل می کنید انتخاب می کند مستقل از اینکه نام یا مدل یا محصول چه شرکتی می باشد.wlan0 مخفف wireless lan &nbsp;می باشد.این نام ها توسط HAL گذاشته می شود.</p>\n', 0, 1, '2016-09-16 03:24:29', NULL),
(44, 19, NULL, 'dbus در لینوکس', '<p dir="rtl">dbus شبیه یک اتوبوس عمل می کند و تمامی اجزای سیستم را یه هم مرتبط می کند به عنوان مثال زمانیکه شما یک موس به سسیستم وصل می کنید هسته لینوکس به dbus می گوید یک سخت افزار جدید متصل شده و dbus به رابط گرافیکی می گوید که یک موس متصل شده و شما میتوانید با موس کار کنید.</p>\n', 0, 2, '2016-09-16 03:32:39', NULL),
(46, 19, NULL, 'مراحل وصل کردن یک سخت افزار', '<p dir="rtl">وقتی شما یک سخت افزار جدید وصل می کنید ابتدا توسط HAL در دسته بندی خو قرار می گیرد و نام خاص خود را دریافت می کند .سپس توسط dbus به بخش مورد نظر خود ارجا داده می شود . سپس درون dev قرار می گیرد. و شما توسط دستور udev می توانید عملیت خاصی را در هنگام وصل شدن این سخت افزار انجام دهید.</p>\n', 0, 1, '2016-09-16 03:42:32', NULL),
(47, 19, NULL, 'sys در لینوکس', '<p dir="rtl">HAL تمامی اطلاعات خود را&nbsp;درون دایرکنوری sys نگهداری میکند و از این قسمت به اطلاعات هر یک از سخت افزار ها که بخواهد دسترسی پیدا می کند</p>\n', 0, 5, '2016-09-16 03:51:21', NULL),
(48, 19, NULL, 'proc در لینوکس', '<p dir="rtl">proc مخفف process می باشد و تمامی سخت افزارها و نرم افزار هایی که اجرا می شوند درون این پوشه قرار می گیرند.این پروسس ها بیشتر&nbsp;به صورت عدد می باشد و هر کدام به پروسس خاصی اشاره می کند . شما می توانید تمامی سخت افزار ها و نرم افزارها را متوقف یا اجرا نمائید یا سخت افزار ها را خاموش یا روشن نمائید .</p>\n\n<p dir="rtl">به عنوان مثال اگر در ترمینال دستور زیر را وارد نمائید :</p>\n\n<p>cat meminfo</p>\n\n<p dir="rtl">تمامی اطلاعات مربوط به رم سیستم را نمایش می دهد</p>\n\n<p>MemTotal: &nbsp; &nbsp; &nbsp; &nbsp;1862664 kB<br />\nMemFree: &nbsp; &nbsp; &nbsp; &nbsp; &nbsp;164572 kB<br />\nBuffers: &nbsp; &nbsp; &nbsp; &nbsp; &nbsp; 17928 kB<br />\nCached: &nbsp; &nbsp; &nbsp; &nbsp; &nbsp; 494600 kB<br />\nSwapCached: &nbsp; &nbsp; &nbsp; &nbsp;28464 kB<br />\nActive: &nbsp; &nbsp; &nbsp; &nbsp; &nbsp;1115104 kB<br />\nInactive: &nbsp; &nbsp; &nbsp; &nbsp; 430628 kB<br />\nActive(anon): &nbsp; &nbsp; 978320 kB<br />\nInactive(anon): &nbsp; 333796 kB<br />\nActive(file): &nbsp; &nbsp; 136784 kB<br />\nInactive(file): &nbsp; &nbsp;96832 kB<br />\nUnevictable: &nbsp; &nbsp; &nbsp; &nbsp; &nbsp;80 kB<br />\nMlocked: &nbsp; &nbsp; &nbsp; &nbsp; &nbsp; &nbsp; &nbsp;80 kB<br />\nSwapTotal: &nbsp; &nbsp; &nbsp; 4830204 kB<br />\nSwapFree: &nbsp; &nbsp; &nbsp; &nbsp;4660052 kB<br />\nDirty: &nbsp; &nbsp; &nbsp; &nbsp; &nbsp; &nbsp; &nbsp; 188 kB<br />\nWriteback: &nbsp; &nbsp; &nbsp; &nbsp; &nbsp; &nbsp; 0 kB<br />\nAnonPages: &nbsp; &nbsp; &nbsp; 1009584 kB<br />\nMapped: &nbsp; &nbsp; &nbsp; &nbsp; &nbsp; 215600 kB<br />\nShmem: &nbsp; &nbsp; &nbsp; &nbsp; &nbsp; &nbsp;278912 kB<br />\nSlab: &nbsp; &nbsp; &nbsp; &nbsp; &nbsp; &nbsp; &nbsp;77832 kB<br />\nSReclaimable: &nbsp; &nbsp; &nbsp;44488 kB<br />\nSUnreclaim: &nbsp; &nbsp; &nbsp; &nbsp;33344 kB<br />\nKernelStack: &nbsp; &nbsp; &nbsp; &nbsp;3720 kB<br />\nPageTables: &nbsp; &nbsp; &nbsp; &nbsp;36544 kB<br />\nNFS_Unstable: &nbsp; &nbsp; &nbsp; &nbsp; &nbsp;0 kB<br />\nBounce: &nbsp; &nbsp; &nbsp; &nbsp; &nbsp; &nbsp; &nbsp; &nbsp;0 kB<br />\nWritebackTmp: &nbsp; &nbsp; &nbsp; &nbsp; &nbsp;0 kB<br />\nCommitLimit: &nbsp; &nbsp; 5761536 kB<br />\nCommitted_AS: &nbsp; &nbsp;5037792 kB<br />\nVmallocTotal: &nbsp; 34359738367 kB<br />\nVmallocUsed: &nbsp; &nbsp; &nbsp;345920 kB<br />\nVmallocChunk: &nbsp; 34359383516 kB<br />\nHardwareCorrupted: &nbsp; &nbsp; 0 kB<br />\nAnonHugePages: &nbsp; &nbsp;204800 kB<br />\nHugePages_Total: &nbsp; &nbsp; &nbsp; 0<br />\nHugePages_Free: &nbsp; &nbsp; &nbsp; &nbsp;0<br />\nHugePages_Rsvd: &nbsp; &nbsp; &nbsp; &nbsp;0<br />\nHugePages_Surp: &nbsp; &nbsp; &nbsp; &nbsp;0<br />\nHugepagesize: &nbsp; &nbsp; &nbsp; 2048 kB<br />\nDirectMap4k: &nbsp; &nbsp; &nbsp; 55476 kB<br />\nDirectMap2M: &nbsp; &nbsp; 1923072 kB</p>\n\n<p dir="rtl">برای نمایش اطلاعات cpu دستور زیر را وارد می نمائیم :&nbsp;</p>\n\n<p>cat cpuinfo</p>\n\n<p dir="rtl">تمامی اطلاعات مربوط به ریزپردازنده را در خروجی نمایش می دهد.</p>\n\n<p dir="rtl">&nbsp;</p>\n', 0, 6, '2016-09-16 04:09:00', '2016-09-16 04:24:02'),
(49, 19, NULL, 'انواع دستور ls در لینوکس', '<p dir="rtl">دستور ls : تمامی فایل ها در دایرکتوری فعلی را نمایش میدهد.</p>\n\n<p dir="rtl">دستور lsusb : تمامی سخت افزار هایی که از طریق usb به سیستم متصل شده اند را نمایش می دهد.</p>\n\n<p dir="rtl">دستور lspci : تمامی سخت افزارهایی که از طریق pci متصل شده اند را نمایش میدهد.</p>\n\n<p dir="rtl">دستور lshw: تمامی سخت افزارها را نمایش می دهد.</p>\n\n<p dir="rtl">دستور lsmod : تمامی ماژول هایی که توسط هسته سیتم عامل لود یا استفاده شده اند را نمایش می دهد .</p>\n', 0, 5, '2016-09-16 04:36:17', NULL),
(50, 19, NULL, 'حذف یک پروسس از هسته لینوکس', '<p dir="rtl">برای این کار ابتدا توسط کاربر روت وارد می شوید برای این کار دستور زیر را وارد نمائید :&nbsp;</p>\n\n<p>sudo su&nbsp;</p>\n\n<p dir="rtl">سپس رمز خود را وارد می کنید.</p>\n\n<p dir="rtl">توسط دستور lsmod پروسس هایی که توسط هسته لینوکس لود شده اند را می توانید مشاهده نمائید.</p>\n\n<p dir="rtl">حال توسط دستور زیر می توانید پروسس مورد نظر را از هسته حذف نمائید :</p>\n\n<p>rmmod نام پروسس</p>\n\n<p dir="rtl">برای افزودن پروسس از دستور زیر استفاده &nbsp;نمائید :</p>\n\n<p>modprobe نام پروسس</p>\n\n<p>&nbsp;</p>\n', 0, 6, '2016-09-16 04:50:27', '2016-09-16 04:51:07');

-- --------------------------------------------------------

--
-- Table structure for table `contentcategory`
--

CREATE TABLE IF NOT EXISTS `contentcategory` (
  `id` int(11) NOT NULL AUTO_INCREMENT,
  `title` varchar(255) COLLATE utf8_unicode_ci NOT NULL,
  `enable` tinyint(1) NOT NULL,
  `slug` varchar(500) COLLATE utf8_unicode_ci NOT NULL,
  `created_at` datetime DEFAULT NULL,
  `updated_at` datetime DEFAULT NULL,
  `subctg` int(11) DEFAULT NULL,
  `user_id` int(11) DEFAULT NULL,
  PRIMARY KEY (`id`),
  KEY `subctg` (`subctg`)
) ENGINE=InnoDB  DEFAULT CHARSET=utf8 COLLATE=utf8_unicode_ci AUTO_INCREMENT=21 ;

--
-- Dumping data for table `contentcategory`
--

INSERT INTO `contentcategory` (`id`, `title`, `enable`, `slug`, `created_at`, `updated_at`, `subctg`, `user_id`) VALUES
(1, 'اخبار', 1, 'اخبار', '2016-03-10 00:00:00', '2016-06-09 18:28:28', NULL, NULL),
(2, 'سرویس ها', 1, 'سرویس', '2016-03-23 00:00:00', '2016-06-09 18:28:11', NULL, NULL),
(3, 'مقاله ها', 1, 'مقاله', '2016-03-23 00:00:00', '2016-06-09 18:51:49', NULL, NULL),
(5, 'Business', 1, 'Business', '2016-06-09 18:34:37', '2016-06-09 18:53:42', 3, NULL),
(6, 'Design', 1, 'Design', '2016-06-09 18:52:16', NULL, 3, NULL),
(7, 'Css', 1, 'Css', '2016-06-09 18:52:34', NULL, 3, NULL),
(8, 'Development', 1, 'Development', '2016-06-09 18:53:20', NULL, 3, NULL),
(9, 'کتابخانه استاندارد php', 1, 'کتابخانه-استاندارد-php', '2016-07-21 09:01:23', NULL, 3, NULL),
(10, 'آموزش متدهای جادویی در php', 1, 'آموزش-متدهای-جادویی-php', '2016-07-22 17:40:40', NULL, 3, NULL),
(11, 'آموزش AngularJs', 1, 'آموزش-AngularJs', '2016-08-06 07:09:32', NULL, 3, NULL),
(12, 'آموزش فریمورک Symfony در php', 1, 'فریمورک-Symfony-در-php', '2016-08-09 07:45:26', NULL, 3, NULL),
(13, 'آموزش سرولت جاوا', 1, 'آموزش-سرولت-جاوا', '2016-08-11 18:22:38', NULL, 3, NULL),
(14, 'آموزش jsp در جاوا', 1, 'آموزش-jsp-در-جاوا', '2016-08-11 18:54:53', NULL, 3, NULL),
(15, 'آموزش LambdaExpression در جاوا 8', 1, 'آموزش-LambdaExpression-در-جاوا-8', '2016-08-11 19:09:08', NULL, 3, NULL),
(16, 'آموزش فریمورک Phalcon در php', 1, 'فریمورک-phalcon-در-php', '2016-08-14 07:05:57', NULL, 3, NULL),
(17, 'آموزش Generic ها در جاوا', 1, 'Generic-ها-در-جاوا', '2016-08-19 09:37:28', NULL, 3, NULL),
(18, 'استفاده از Collection ها در جاوا', 1, 'Collection-ها-در-جاوا', '2016-08-19 13:20:37', NULL, 3, NULL),
(19, 'آموزش لینوکس', 1, 'آموزش-لینوکس', '2016-09-16 02:58:25', NULL, NULL, NULL);

-- --------------------------------------------------------

--
-- Table structure for table `post`
--

CREATE TABLE IF NOT EXISTS `post` (
  `id` int(11) NOT NULL AUTO_INCREMENT,
  `title` varchar(300) COLLATE utf8_unicode_ci DEFAULT NULL,
  `describtion` varchar(3000) COLLATE utf8_unicode_ci DEFAULT NULL,
  `enable` tinyint(1) DEFAULT NULL,
  `user_id` int(11) DEFAULT NULL,
  `created_at` datetime DEFAULT NULL,
  `updated_at` datetime DEFAULT NULL,
  `post_category_id` int(11) DEFAULT NULL,
  PRIMARY KEY (`id`)
) ENGINE=InnoDB  DEFAULT CHARSET=utf8 COLLATE=utf8_unicode_ci AUTO_INCREMENT=16 ;

--
-- Dumping data for table `post`
--

INSERT INTO `post` (`id`, `title`, `describtion`, `enable`, `user_id`, `created_at`, `updated_at`, `post_category_id`) VALUES
(1, 'Test', 'آیا تا حالا به طراحی های مختلف خیره شده یا درموردشون فکر کرده این ؟ مخصوصا ، آیا تا بحال به این نتیجه رسیدید که یک طراحی ''بیش از حد خالی'' یا ''بیش از حد شلوغ'' است ؟ برای ما طراحان ، حل این مشکلات بد.', 1, 1, NULL, NULL, 1),
(2, 'Test 2 edit', 'در زمان های قبل ، طراحی داشبورد پنل مدیریت واقعا چیز خاصی نبود و اغلب نادیده گرفته میشد و هرگز با توجه به همون سطح از اهمیت که صفحه ای اصلی سایت طراحی میشدن ، طراحی نمیشدن . بله در اون موق', 1, 2, NULL, NULL, 2),
(3, 'Test', 'امروز قصد داریم یک سری وبسایت های خارجی که بطور کاربردی ، زیبا و قدرتمند طراحی شدن رو براتون قرار بدیم تا شما بتونین با طریقه طراحی اونها آشنا بشین یا حتی ازشون الهام بگیرین . الهام گرفتن ', 1, 1, NULL, NULL, 3),
(4, 'Test 2', 'امروزه ابزار ها ، کتابخانه ها و فریمورک های مختلفی بصورت روزانه برای توسعه دهنگاه Front-end ارائه می شود تا آنها بتوانند سریع تر ، بهتر و راحتر پروژه های خود را انجام دهند من در این پست ', 1, 4, NULL, NULL, 4),
(6, 'test', 'Test', 1, 1, NULL, NULL, 1),
(7, 'asdasd', 'test sadasd', 1, 1, NULL, NULL, 1),
(8, 'sadasd', 'asdasd', 1, 1, NULL, NULL, 1),
(9, 'sadasd', 'asfsdfsdf', 1, 1, NULL, NULL, 1),
(10, 'dfgdfgdfgsdf', 'sdfsfasfsadasdasdasdasdsad', 1, 1, NULL, NULL, 1),
(11, 'sdfdsf', 'asfsddsfgdsfhhdfhgdfghfhfh', 1, 1, NULL, NULL, 1),
(12, 'sdfgsdf', 'dsfgdhdfhfghdfh', 1, 1, NULL, NULL, 1),
(13, 'as fdsdf a', 'sddfhgfhfhdfhdsfgdfgsdsa sdf asdf asdf', 1, 1, NULL, NULL, 1),
(14, 'sd afas f', ' sdfs fdas fd asdf safd asdf asfd ', 1, 1, NULL, NULL, 1),
(15, ' asf sadf', ' asdf asd asdf asdsa df asd', 1, 1, NULL, NULL, 1);

-- --------------------------------------------------------

--
-- Table structure for table `post_category`
--

CREATE TABLE IF NOT EXISTS `post_category` (
  `id` int(11) NOT NULL AUTO_INCREMENT,
  `title` varchar(300) COLLATE utf8_unicode_ci DEFAULT NULL,
  `describtion` varchar(3000) COLLATE utf8_unicode_ci DEFAULT NULL,
  `user_id` int(11) DEFAULT NULL,
  `created_at` datetime DEFAULT NULL,
  `updated_at` datetime DEFAULT NULL,
  PRIMARY KEY (`id`)
) ENGINE=InnoDB  DEFAULT CHARSET=utf8 COLLATE=utf8_unicode_ci AUTO_INCREMENT=10 ;

--
-- Dumping data for table `post_category`
--

INSERT INTO `post_category` (`id`, `title`, `describtion`, `user_id`, `created_at`, `updated_at`) VALUES
(1, 'Test Test Edit', 'test Test Edit', 1, NULL, NULL),
(2, 'test2', 'test', 2, NULL, NULL),
(3, 'Test', 'test', 1, NULL, NULL),
(4, 'test2', 'test', 2, NULL, NULL),
(5, 'test 3', NULL, 3, NULL, NULL),
(6, 'test 4', 'test 4', 4, NULL, NULL),
(7, 'test 3', NULL, 3, NULL, NULL),
(8, 'test 4', 'test 4', 4, NULL, NULL),
(9, 'Tes Add', 'Test Add', 6, NULL, NULL);

-- --------------------------------------------------------

--
-- Table structure for table `post_response`
--

CREATE TABLE IF NOT EXISTS `post_response` (
  `id` int(11) NOT NULL AUTO_INCREMENT,
  `post_id` int(11) DEFAULT NULL,
  `user_id` int(11) DEFAULT NULL,
  `response` varchar(4000) COLLATE utf8_unicode_ci DEFAULT NULL,
  `is_correct` tinyint(1) DEFAULT '0',
  `created_at` datetime DEFAULT NULL,
  `updated_at` datetime DEFAULT NULL,
  PRIMARY KEY (`id`)
) ENGINE=InnoDB  DEFAULT CHARSET=utf8 COLLATE=utf8_unicode_ci AUTO_INCREMENT=11 ;

--
-- Dumping data for table `post_response`
--

INSERT INTO `post_response` (`id`, `post_id`, `user_id`, `response`, `is_correct`, `created_at`, `updated_at`) VALUES
(1, 1, 1, 'Test 1', 1, NULL, NULL),
(2, 2, 2, 'Tes 2', 1, NULL, NULL),
(3, 1, 1, 'Test 1', 1, NULL, NULL),
(4, 2, 2, 'Tes 2', 0, NULL, NULL),
(6, 3, 1, 'Test Response with client', 0, NULL, NULL),
(7, 3, 1, 'Test Response with client', 0, NULL, NULL),
(8, 3, 1, 'Test Response with client', 0, NULL, NULL),
(9, 3, 1, 'Test', 0, NULL, NULL),
(10, 3, 1, 'Test', 0, NULL, NULL);

-- --------------------------------------------------------

--
-- Table structure for table `users`
--

CREATE TABLE IF NOT EXISTS `users` (
  `id` int(11) NOT NULL AUTO_INCREMENT,
  `username` varchar(300) COLLATE utf8_unicode_ci DEFAULT NULL,
  `password` varchar(300) COLLATE utf8_unicode_ci DEFAULT NULL,
  `email` varchar(255) COLLATE utf8_unicode_ci DEFAULT NULL,
  `role` varchar(60) COLLATE utf8_unicode_ci DEFAULT NULL,
  `enable` tinyint(1) DEFAULT '0',
  `name` varchar(255) COLLATE utf8_unicode_ci DEFAULT NULL,
  `phone` varchar(25) COLLATE utf8_unicode_ci DEFAULT NULL,
  `address` varchar(3000) COLLATE utf8_unicode_ci DEFAULT NULL,
  `pic` varchar(600) COLLATE utf8_unicode_ci DEFAULT NULL,
  `created_at` datetime DEFAULT NULL,
  `updated_at` datetime DEFAULT NULL,
  PRIMARY KEY (`id`)
) ENGINE=InnoDB  DEFAULT CHARSET=utf8 COLLATE=utf8_unicode_ci AUTO_INCREMENT=11 ;

--
-- Dumping data for table `users`
--

INSERT INTO `users` (`id`, `username`, `password`, `email`, `role`, `enable`, `name`, `phone`, `address`, `pic`, `created_at`, `updated_at`) VALUES
(1, 'Mr.Mostafa', '+mEahQpgdW1x/H58QQz6P3dk8Jfsew/gwPQAo6xSlDE=', 'hosseinzade2731@gmail.com', 'admin', 1, 'Mostafa', NULL, NULL, NULL, NULL, NULL),
(2, 'Test', '', 'TEst', 'User', 0, 'test', '2154', 'Test Address', NULL, NULL, NULL),
(4, 'Test', '', 'TEst', 'User', 1, 'test', '2154', '', NULL, NULL, NULL),
(5, 'asd', 'sad', 'asd', 'asd', 0, 'asdasd', 'sad', 'sadsad', NULL, NULL, NULL),
(6, 'asdasd', 'sadsad', 'sad', 'asd', 0, 'sad', NULL, 'asd', 'asd', NULL, NULL),
(8, 'Mr.Mostafa', '27312731', 'hosseinzade2731231@gmail.com', NULL, 1, 'tesfdasdf', '2154', 'Test Address', NULL, NULL, NULL),
(9, 'Test', '1ETxlUtoiueepIwVDf5T+JUy4Opr3EEyhUL15YluZJA=', 'test123@test.com', NULL, 1, 'tesfdasdf', '', 'test', NULL, NULL, NULL),
(10, 'root', 'D+1wVwqHUCriicX/IXhOzkhKDbdlpcKLYm6E5gddd1o=', 'hosseinzade2731@gmail.com', 'user', 0, 'MrMostafa', '021356986', 'Test Address', NULL, NULL, NULL);

--
-- Constraints for dumped tables
--

--
-- Constraints for table `contentcategory`
--
ALTER TABLE `contentcategory`
  ADD CONSTRAINT `contentcategory_ibfk_1` FOREIGN KEY (`subctg`) REFERENCES `contentcategory` (`id`) ON DELETE SET NULL;

/*!40101 SET CHARACTER_SET_CLIENT=@OLD_CHARACTER_SET_CLIENT */;
/*!40101 SET CHARACTER_SET_RESULTS=@OLD_CHARACTER_SET_RESULTS */;
/*!40101 SET COLLATION_CONNECTION=@OLD_COLLATION_CONNECTION */;
